A	B	Neither	A Not B	B Not A	Both	Log2 Odds Ratio	p-Value	q-Value	Tendency
IDH2	SRSF2	102	8	4	5	>3	<0.001	0.853	Co-occurrence
BIRC3	MYD88	118	0	0	1	>3	0.008	1.000	Co-occurrence
EZH2	PHF6	118	0	0	1	>3	0.008	1.000	Co-occurrence
MAP2K1	WT1	118	0	0	1	>3	0.008	1.000	Co-occurrence
RAD21	inv(16)	118	0	0	1	>3	0.008	1.000	Co-occurrence
KRAS	t(11;19)	118	0	0	1	>3	0.008	1.000	Co-occurrence
ASXL1	SRSF2	99	11	5	4	2.848	0.015	1.000	Co-occurrence
IDH1	SF3B1	117	1	0	1	>3	0.017	1.000	Co-occurrence
CBL	SF3B1	117	1	0	1	>3	0.017	1.000	Co-occurrence
NPM1	SF3B1	117	1	0	1	>3	0.017	1.000	Co-occurrence
NOTCH1	ZRSR2	117	0	1	1	>3	0.017	1.000	Co-occurrence
CDKN2A	PRPF40B	117	1	0	1	>3	0.017	1.000	Co-occurrence
CSF1R	RAD21	116	2	0	1	>3	0.025	1.000	Co-occurrence
STAG2	MPL	116	2	0	1	>3	0.025	1.000	Co-occurrence
BCOR	SF1	116	2	0	1	>3	0.025	1.000	Co-occurrence
CSF1R	inv(16)	116	2	0	1	>3	0.025	1.000	Co-occurrence
BCORL1	t(8;21)	116	2	0	1	>3	0.025	1.000	Co-occurrence
STAG2	chr5qdel	116	2	0	1	>3	0.025	1.000	Co-occurrence
SRSF2	RUNX1	108	7	2	2	>3	0.028	1.000	Co-occurrence
TET2	CBL	97	20	0	2	>3	0.033	1.000	Co-occurrence
IDH1	JAK2	116	1	1	1	>3	0.033	1.000	Co-occurrence
IDH1	CBL	116	1	1	1	>3	0.033	1.000	Co-occurrence
IDH1	NPM1	116	1	1	1	>3	0.033	1.000	Co-occurrence
CBL	NPM1	116	1	1	1	>3	0.033	1.000	Co-occurrence
MYCN	ZRSR2	116	1	1	1	>3	0.033	1.000	Co-occurrence
MYCN	U2AF1	116	1	1	1	>3	0.033	1.000	Co-occurrence
ZRSR2	U2AF1	116	1	1	1	>3	0.033	1.000	Co-occurrence
CBL	chr8gain	116	1	1	1	>3	0.033	1.000	Co-occurrence
RUNX1	BIRC3	115	3	0	1	>3	0.034	1.000	Co-occurrence
RUNX1	MYD88	115	3	0	1	>3	0.034	1.000	Co-occurrence
ASXL1	STAG2	103	13	1	2	>3	0.042	1.000	Co-occurrence
TP53	chr5qdel	114	4	0	1	>3	0.042	1.000	Co-occurrence
STAG2	chr8gain	115	2	1	1	>3	0.050	1.000	Co-occurrence
CBL	STAG2	115	1	2	1	>3	0.050	1.000	Co-occurrence
MYC	BCORL1	115	1	2	1	>3	0.050	1.000	Co-occurrence
IDH2	RUNX1	104	11	2	2	>3	0.059	1.000	Co-occurrence
IDH2	ASXL1	95	9	11	4	1.940	0.059	1.000	Co-occurrence
DNMT3A	JAK2	89	28	0	2	>3	0.062	1.000	Co-occurrence
DNMT3A	NRAS	89	28	0	2	>3	0.062	1.000	Co-occurrence
DNMT3A	NF1	89	28	0	2	>3	0.062	1.000	Co-occurrence
ATM	MYCN	114	3	1	1	>3	0.066	1.000	Co-occurrence
ATM	CDKN2A	114	3	1	1	>3	0.066	1.000	Co-occurrence
RUNX1	chr8gain	114	3	1	1	>3	0.066	1.000	Co-occurrence
SRSF2	BIRC3	110	8	0	1	>3	0.076	1.000	Co-occurrence
SRSF2	MYD88	110	8	0	1	>3	0.076	1.000	Co-occurrence
FLT3	ABL1	110	8	0	1	>3	0.076	1.000	Co-occurrence
FLT3	MAP2K1	110	8	0	1	>3	0.076	1.000	Co-occurrence
FLT3	WT1	110	8	0	1	>3	0.076	1.000	Co-occurrence
SRSF2	MPL	110	8	0	1	>3	0.076	1.000	Co-occurrence
SRSF2	SMC1A	110	8	0	1	>3	0.076	1.000	Co-occurrence
FLT3	IL7R	110	8	0	1	>3	0.076	1.000	Co-occurrence
TP53	NF1	113	4	1	1	>3	0.083	1.000	Co-occurrence
DNMT3A	TET2	76	21	13	9	1.325	0.100	1.000	Co-occurrence
IDH2	BIRC3	106	12	0	1	>3	0.109	1.000	Co-occurrence
IDH2	MYD88	106	12	0	1	>3	0.109	1.000	Co-occurrence
IDH2	MPL	106	12	0	1	>3	0.109	1.000	Co-occurrence
DNMT3A	SRSF2	80	30	9	0	<-3	0.110	1.000	Mutual exclusivity
STAG2	TP53	112	2	4	1	>3	0.122	1.000	Co-occurrence
ASXL1	BIRC3	104	14	0	1	>3	0.126	1.000	Co-occurrence
ASXL1	MYD88	104	14	0	1	>3	0.126	1.000	Co-occurrence
ASXL1	NOTCH1	104	14	0	1	>3	0.126	1.000	Co-occurrence
ASXL1	MPL	104	14	0	1	>3	0.126	1.000	Co-occurrence
FLT3	MYC	109	8	1	1	>3	0.146	1.000	Co-occurrence
FLT3	CDKN2A	109	8	1	1	>3	0.146	1.000	Co-occurrence
FLT3	U2AF1	109	8	1	1	>3	0.146	1.000	Co-occurrence
MYCN	FLT3	109	1	8	1	>3	0.146	1.000	Co-occurrence
ZRSR2	FLT3	109	1	8	1	>3	0.146	1.000	Co-occurrence
TET2	ASXL1	87	17	10	5	1.355	0.150	1.000	Co-occurrence
TET2	SF3B1	97	21	0	1	>3	0.185	1.000	Co-occurrence
TET2	BRINP3	97	21	0	1	>3	0.185	1.000	Co-occurrence
TET2	SMC1A	97	21	0	1	>3	0.185	1.000	Co-occurrence
TET2	FLT3	88	22	9	0	<-3	0.207	1.000	Mutual exclusivity
IDH2	NPM1	105	12	1	1	>3	0.207	1.000	Co-occurrence
IDH2	NRAS	105	12	1	1	>3	0.207	1.000	Co-occurrence
IDH2	NF1	105	12	1	1	>3	0.207	1.000	Co-occurrence
IDH2	chr8gain	105	12	1	1	>3	0.207	1.000	Co-occurrence
SRSF2	BCOR	108	8	2	1	2.755	0.212	1.000	Co-occurrence
STAG2	SRSF2	108	2	8	1	2.755	0.212	1.000	Co-occurrence
ASXL1	IDH1	103	14	1	1	2.879	0.237	1.000	Co-occurrence
ASXL1	JAK2	103	14	1	1	2.879	0.237	1.000	Co-occurrence
ASXL1	CBL	103	14	1	1	2.879	0.237	1.000	Co-occurrence
ASXL1	ZRSR2	103	14	1	1	2.879	0.237	1.000	Co-occurrence
ASXL1	chr8gain	103	14	1	1	2.879	0.237	1.000	Co-occurrence
DNMT3A	BRINP3	89	29	0	1	>3	0.252	1.000	Co-occurrence
DNMT3A	FBXW7	89	29	0	1	>3	0.252	1.000	Co-occurrence
ATM	FLT3	107	3	8	1	2.157	0.273	1.000	Co-occurrence
IDH2	STAG2	104	12	2	1	2.115	0.295	1.000	Co-occurrence
IDH2	BCOR	104	12	2	1	2.115	0.295	1.000	Co-occurrence
SRSF2	TP53	106	8	4	1	1.728	0.330	1.000	Co-occurrence
ASXL1	BCORL1	102	14	2	1	1.865	0.335	1.000	Co-occurrence
TET2	IDH1	96	21	1	1	2.193	0.337	1.000	Co-occurrence
TET2	JAK2	96	21	1	1	2.193	0.337	1.000	Co-occurrence
TET2	NPM1	96	21	1	1	2.193	0.337	1.000	Co-occurrence
TET2	U2AF1	96	21	1	1	2.193	0.337	1.000	Co-occurrence
TET2	chr8gain	96	21	1	1	2.193	0.337	1.000	Co-occurrence
DNMT3A	ASXL1	76	28	13	2	-1.260	0.350	1.000	Mutual exclusivity
ASXL1	RUNX1	101	14	3	1	1.266	0.421	1.000	Co-occurrence
DNMT3A	IDH1	88	29	1	1	1.601	0.442	1.000	Co-occurrence
DNMT3A	MYC	88	29	1	1	1.601	0.442	1.000	Co-occurrence
DNMT3A	CDKN2A	88	29	1	1	1.601	0.442	1.000	Co-occurrence
DNMT3A	U2AF1	88	29	1	1	1.601	0.442	1.000	Co-occurrence
IDH2	TP53	102	12	4	1	1.087	0.445	1.000	Co-occurrence
TET2	STAG2	95	21	2	1	1.178	0.462	1.000	Co-occurrence
TET2	BCOR	95	21	2	1	1.178	0.462	1.000	Co-occurrence
TET2	CSF1R	95	21	2	1	1.178	0.462	1.000	Co-occurrence
TET2	BCORL1	95	21	2	1	1.178	0.462	1.000	Co-occurrence
TET2	RUNX1	94	21	3	1	0.577	0.564	1.000	Co-occurrence
DNMT3A	STAG2	86	30	3	0	<-3	0.571	1.000	Mutual exclusivity
DNMT3A	BCORL1	86	30	3	0	<-3	0.571	1.000	Mutual exclusivity
TET2	TP53	92	22	5	0	<-3	0.583	1.000	Mutual exclusivity
IDH2	FLT3	97	13	9	0	<-3	0.595	1.000	Mutual exclusivity
ASXL1	FLT3	95	15	9	0	<-3	0.601	1.000	Mutual exclusivity
DNMT3A	IDH2	80	26	9	4	0.452	0.736	1.000	Co-occurrence
TP53	MYC	112	5	2	0	<-3	1.000	1.000	Mutual exclusivity
TP53	NRAS	112	5	2	0	<-3	1.000	1.000	Mutual exclusivity
TP53	CDKN2A	112	5	2	0	<-3	1.000	1.000	Mutual exclusivity
TP53	U2AF1	112	5	2	0	<-3	1.000	1.000	Mutual exclusivity
TP53	chr8gain	112	5	2	0	<-3	1.000	1.000	Mutual exclusivity
ATM	NPM1	113	4	2	0	<-3	1.000	1.000	Mutual exclusivity
RUNX1	NPM1	113	4	2	0	<-3	1.000	1.000	Mutual exclusivity
ATM	ZRSR2	113	4	2	0	<-3	1.000	1.000	Mutual exclusivity
RUNX1	ZRSR2	113	4	2	0	<-3	1.000	1.000	Mutual exclusivity
ATM	MYC	113	4	2	0	<-3	1.000	1.000	Mutual exclusivity
RUNX1	MYC	113	4	2	0	<-3	1.000	1.000	Mutual exclusivity
ATM	NRAS	113	4	2	0	<-3	1.000	1.000	Mutual exclusivity
RUNX1	NRAS	113	4	2	0	<-3	1.000	1.000	Mutual exclusivity
RUNX1	CDKN2A	113	4	2	0	<-3	1.000	1.000	Mutual exclusivity
ATM	U2AF1	113	4	2	0	<-3	1.000	1.000	Mutual exclusivity
RUNX1	U2AF1	113	4	2	0	<-3	1.000	1.000	Mutual exclusivity
ATM	NF1	113	4	2	0	<-3	1.000	1.000	Mutual exclusivity
RUNX1	NF1	113	4	2	0	<-3	1.000	1.000	Mutual exclusivity
ATM	chr8gain	113	4	2	0	<-3	1.000	1.000	Mutual exclusivity
STAG2	MYCN	114	3	2	0	<-3	1.000	1.000	Mutual exclusivity
STAG2	NPM1	114	3	2	0	<-3	1.000	1.000	Mutual exclusivity
STAG2	ZRSR2	114	3	2	0	<-3	1.000	1.000	Mutual exclusivity
STAG2	MYC	114	3	2	0	<-3	1.000	1.000	Mutual exclusivity
BCOR	MYC	114	3	2	0	<-3	1.000	1.000	Mutual exclusivity
CSF1R	MYC	114	3	2	0	<-3	1.000	1.000	Mutual exclusivity
STAG2	NRAS	114	3	2	0	<-3	1.000	1.000	Mutual exclusivity
BCOR	NRAS	114	3	2	0	<-3	1.000	1.000	Mutual exclusivity
CSF1R	NRAS	114	3	2	0	<-3	1.000	1.000	Mutual exclusivity
STAG2	CDKN2A	114	3	2	0	<-3	1.000	1.000	Mutual exclusivity
BCOR	CDKN2A	114	3	2	0	<-3	1.000	1.000	Mutual exclusivity
CSF1R	CDKN2A	114	3	2	0	<-3	1.000	1.000	Mutual exclusivity
BCORL1	CDKN2A	114	3	2	0	<-3	1.000	1.000	Mutual exclusivity
STAG2	U2AF1	114	3	2	0	<-3	1.000	1.000	Mutual exclusivity
BCOR	U2AF1	114	3	2	0	<-3	1.000	1.000	Mutual exclusivity
CSF1R	U2AF1	114	3	2	0	<-3	1.000	1.000	Mutual exclusivity
BCORL1	U2AF1	114	3	2	0	<-3	1.000	1.000	Mutual exclusivity
STAG2	NF1	114	3	2	0	<-3	1.000	1.000	Mutual exclusivity
BCOR	NF1	114	3	2	0	<-3	1.000	1.000	Mutual exclusivity
CSF1R	NF1	114	3	2	0	<-3	1.000	1.000	Mutual exclusivity
BCORL1	NF1	114	3	2	0	<-3	1.000	1.000	Mutual exclusivity
BCOR	chr8gain	114	3	2	0	<-3	1.000	1.000	Mutual exclusivity
CSF1R	chr8gain	114	3	2	0	<-3	1.000	1.000	Mutual exclusivity
BCORL1	chr8gain	114	3	2	0	<-3	1.000	1.000	Mutual exclusivity
CDH2	SRSF2	109	1	9	0	<-3	1.000	1.000	Mutual exclusivity
CDH2	FLT3	109	1	9	0	<-3	1.000	1.000	Mutual exclusivity
SF3B1	FLT3	109	1	9	0	<-3	1.000	1.000	Mutual exclusivity
BIRC3	FLT3	109	1	9	0	<-3	1.000	1.000	Mutual exclusivity
MYD88	FLT3	109	1	9	0	<-3	1.000	1.000	Mutual exclusivity
SETBP1	FLT3	109	1	9	0	<-3	1.000	1.000	Mutual exclusivity
NOTCH1	FLT3	109	1	9	0	<-3	1.000	1.000	Mutual exclusivity
IDH1	ATM	113	2	4	0	<-3	1.000	1.000	Mutual exclusivity
JAK2	ATM	113	2	4	0	<-3	1.000	1.000	Mutual exclusivity
CBL	ATM	113	2	4	0	<-3	1.000	1.000	Mutual exclusivity
IDH1	RUNX1	113	2	4	0	<-3	1.000	1.000	Mutual exclusivity
JAK2	RUNX1	113	2	4	0	<-3	1.000	1.000	Mutual exclusivity
CBL	RUNX1	113	2	4	0	<-3	1.000	1.000	Mutual exclusivity
MYCN	RUNX1	113	2	4	0	<-3	1.000	1.000	Mutual exclusivity
TET2	MYCN	95	22	2	0	<-3	1.000	1.000	Mutual exclusivity
TET2	ZRSR2	95	22	2	0	<-3	1.000	1.000	Mutual exclusivity
TET2	MYC	95	22	2	0	<-3	1.000	1.000	Mutual exclusivity
TET2	NRAS	95	22	2	0	<-3	1.000	1.000	Mutual exclusivity
TET2	CDKN2A	95	22	2	0	<-3	1.000	1.000	Mutual exclusivity
TET2	NF1	95	22	2	0	<-3	1.000	1.000	Mutual exclusivity
TP53	BCOR	111	5	3	0	<-3	1.000	1.000	Mutual exclusivity
TP53	CSF1R	111	5	3	0	<-3	1.000	1.000	Mutual exclusivity
TP53	BCORL1	111	5	3	0	<-3	1.000	1.000	Mutual exclusivity
SRSF2	CSF1R	107	9	3	0	<-3	1.000	1.000	Mutual exclusivity
FLT3	CSF1R	107	9	3	0	<-3	1.000	1.000	Mutual exclusivity
SRSF2	BCORL1	107	9	3	0	<-3	1.000	1.000	Mutual exclusivity
FLT3	BCORL1	107	9	3	0	<-3	1.000	1.000	Mutual exclusivity
IDH1	STAG2	114	2	3	0	<-3	1.000	1.000	Mutual exclusivity
JAK2	STAG2	114	2	3	0	<-3	1.000	1.000	Mutual exclusivity
IDH1	BCOR	114	2	3	0	<-3	1.000	1.000	Mutual exclusivity
JAK2	BCOR	114	2	3	0	<-3	1.000	1.000	Mutual exclusivity
CBL	BCOR	114	2	3	0	<-3	1.000	1.000	Mutual exclusivity
MYCN	BCOR	114	2	3	0	<-3	1.000	1.000	Mutual exclusivity
NPM1	BCOR	114	2	3	0	<-3	1.000	1.000	Mutual exclusivity
ZRSR2	BCOR	114	2	3	0	<-3	1.000	1.000	Mutual exclusivity
IDH1	CSF1R	114	2	3	0	<-3	1.000	1.000	Mutual exclusivity
JAK2	CSF1R	114	2	3	0	<-3	1.000	1.000	Mutual exclusivity
CBL	CSF1R	114	2	3	0	<-3	1.000	1.000	Mutual exclusivity
MYCN	CSF1R	114	2	3	0	<-3	1.000	1.000	Mutual exclusivity
NPM1	CSF1R	114	2	3	0	<-3	1.000	1.000	Mutual exclusivity
ZRSR2	CSF1R	114	2	3	0	<-3	1.000	1.000	Mutual exclusivity
IDH1	BCORL1	114	2	3	0	<-3	1.000	1.000	Mutual exclusivity
JAK2	BCORL1	114	2	3	0	<-3	1.000	1.000	Mutual exclusivity
CBL	BCORL1	114	2	3	0	<-3	1.000	1.000	Mutual exclusivity
MYCN	BCORL1	114	2	3	0	<-3	1.000	1.000	Mutual exclusivity
NPM1	BCORL1	114	2	3	0	<-3	1.000	1.000	Mutual exclusivity
ZRSR2	BCORL1	114	2	3	0	<-3	1.000	1.000	Mutual exclusivity
NRAS	BCORL1	114	2	3	0	<-3	1.000	1.000	Mutual exclusivity
CDH2	TP53	113	1	5	0	<-3	1.000	1.000	Mutual exclusivity
SF3B1	TP53	113	1	5	0	<-3	1.000	1.000	Mutual exclusivity
BIRC3	TP53	113	1	5	0	<-3	1.000	1.000	Mutual exclusivity
MYD88	TP53	113	1	5	0	<-3	1.000	1.000	Mutual exclusivity
SETBP1	TP53	113	1	5	0	<-3	1.000	1.000	Mutual exclusivity
NOTCH1	TP53	113	1	5	0	<-3	1.000	1.000	Mutual exclusivity
TP53	RAD21	113	5	1	0	<-3	1.000	1.000	Mutual exclusivity
TP53	ABL1	113	5	1	0	<-3	1.000	1.000	Mutual exclusivity
TP53	EZH2	113	5	1	0	<-3	1.000	1.000	Mutual exclusivity
TP53	PHF6	113	5	1	0	<-3	1.000	1.000	Mutual exclusivity
TP53	MAP2K1	113	5	1	0	<-3	1.000	1.000	Mutual exclusivity
TP53	WT1	113	5	1	0	<-3	1.000	1.000	Mutual exclusivity
TP53	BRINP3	113	5	1	0	<-3	1.000	1.000	Mutual exclusivity
TP53	PRPF40B	113	5	1	0	<-3	1.000	1.000	Mutual exclusivity
TP53	MPL	113	5	1	0	<-3	1.000	1.000	Mutual exclusivity
TP53	SMC1A	113	5	1	0	<-3	1.000	1.000	Mutual exclusivity
TP53	KRAS	113	5	1	0	<-3	1.000	1.000	Mutual exclusivity
TP53	FBXW7	113	5	1	0	<-3	1.000	1.000	Mutual exclusivity
TP53	IL7R	113	5	1	0	<-3	1.000	1.000	Mutual exclusivity
TP53	SF1	113	5	1	0	<-3	1.000	1.000	Mutual exclusivity
TP53	chr17loss	113	5	1	0	<-3	1.000	1.000	Mutual exclusivity
TP53	inv(16)	113	5	1	0	<-3	1.000	1.000	Mutual exclusivity
TP53	t(11;19)	113	5	1	0	<-3	1.000	1.000	Mutual exclusivity
TP53	t(8;21)	113	5	1	0	<-3	1.000	1.000	Mutual exclusivity
IDH2	IDH1	104	13	2	0	<-3	1.000	1.000	Mutual exclusivity
IDH2	JAK2	104	13	2	0	<-3	1.000	1.000	Mutual exclusivity
IDH2	CBL	104	13	2	0	<-3	1.000	1.000	Mutual exclusivity
IDH2	MYCN	104	13	2	0	<-3	1.000	1.000	Mutual exclusivity
IDH2	ZRSR2	104	13	2	0	<-3	1.000	1.000	Mutual exclusivity
IDH2	MYC	104	13	2	0	<-3	1.000	1.000	Mutual exclusivity
IDH2	CDKN2A	104	13	2	0	<-3	1.000	1.000	Mutual exclusivity
IDH2	U2AF1	104	13	2	0	<-3	1.000	1.000	Mutual exclusivity
CDH2	STAG2	115	1	3	0	<-3	1.000	1.000	Mutual exclusivity
STAG2	SF3B1	115	3	1	0	<-3	1.000	1.000	Mutual exclusivity
STAG2	BIRC3	115	3	1	0	<-3	1.000	1.000	Mutual exclusivity
STAG2	MYD88	115	3	1	0	<-3	1.000	1.000	Mutual exclusivity
STAG2	SETBP1	115	3	1	0	<-3	1.000	1.000	Mutual exclusivity
STAG2	NOTCH1	115	3	1	0	<-3	1.000	1.000	Mutual exclusivity
CDH2	BCOR	115	1	3	0	<-3	1.000	1.000	Mutual exclusivity
SF3B1	BCOR	115	1	3	0	<-3	1.000	1.000	Mutual exclusivity
BIRC3	BCOR	115	1	3	0	<-3	1.000	1.000	Mutual exclusivity
MYD88	BCOR	115	1	3	0	<-3	1.000	1.000	Mutual exclusivity
SETBP1	BCOR	115	1	3	0	<-3	1.000	1.000	Mutual exclusivity
NOTCH1	BCOR	115	1	3	0	<-3	1.000	1.000	Mutual exclusivity
CDH2	CSF1R	115	1	3	0	<-3	1.000	1.000	Mutual exclusivity
SF3B1	CSF1R	115	1	3	0	<-3	1.000	1.000	Mutual exclusivity
BIRC3	CSF1R	115	1	3	0	<-3	1.000	1.000	Mutual exclusivity
MYD88	CSF1R	115	1	3	0	<-3	1.000	1.000	Mutual exclusivity
SETBP1	CSF1R	115	1	3	0	<-3	1.000	1.000	Mutual exclusivity
NOTCH1	CSF1R	115	1	3	0	<-3	1.000	1.000	Mutual exclusivity
STAG2	RAD21	115	3	1	0	<-3	1.000	1.000	Mutual exclusivity
BCOR	RAD21	115	3	1	0	<-3	1.000	1.000	Mutual exclusivity
STAG2	ABL1	115	3	1	0	<-3	1.000	1.000	Mutual exclusivity
BCOR	ABL1	115	3	1	0	<-3	1.000	1.000	Mutual exclusivity
CSF1R	ABL1	115	3	1	0	<-3	1.000	1.000	Mutual exclusivity
STAG2	EZH2	115	3	1	0	<-3	1.000	1.000	Mutual exclusivity
BCOR	EZH2	115	3	1	0	<-3	1.000	1.000	Mutual exclusivity
CSF1R	EZH2	115	3	1	0	<-3	1.000	1.000	Mutual exclusivity
STAG2	PHF6	115	3	1	0	<-3	1.000	1.000	Mutual exclusivity
BCOR	PHF6	115	3	1	0	<-3	1.000	1.000	Mutual exclusivity
CSF1R	PHF6	115	3	1	0	<-3	1.000	1.000	Mutual exclusivity
STAG2	MAP2K1	115	3	1	0	<-3	1.000	1.000	Mutual exclusivity
BCOR	MAP2K1	115	3	1	0	<-3	1.000	1.000	Mutual exclusivity
CSF1R	MAP2K1	115	3	1	0	<-3	1.000	1.000	Mutual exclusivity
STAG2	WT1	115	3	1	0	<-3	1.000	1.000	Mutual exclusivity
BCOR	WT1	115	3	1	0	<-3	1.000	1.000	Mutual exclusivity
CSF1R	WT1	115	3	1	0	<-3	1.000	1.000	Mutual exclusivity
STAG2	BRINP3	115	3	1	0	<-3	1.000	1.000	Mutual exclusivity
BCOR	BRINP3	115	3	1	0	<-3	1.000	1.000	Mutual exclusivity
CSF1R	BRINP3	115	3	1	0	<-3	1.000	1.000	Mutual exclusivity
CDH2	BCORL1	115	1	3	0	<-3	1.000	1.000	Mutual exclusivity
SF3B1	BCORL1	115	1	3	0	<-3	1.000	1.000	Mutual exclusivity
BIRC3	BCORL1	115	1	3	0	<-3	1.000	1.000	Mutual exclusivity
MYD88	BCORL1	115	1	3	0	<-3	1.000	1.000	Mutual exclusivity
SETBP1	BCORL1	115	1	3	0	<-3	1.000	1.000	Mutual exclusivity
NOTCH1	BCORL1	115	1	3	0	<-3	1.000	1.000	Mutual exclusivity
RAD21	BCORL1	115	1	3	0	<-3	1.000	1.000	Mutual exclusivity
ABL1	BCORL1	115	1	3	0	<-3	1.000	1.000	Mutual exclusivity
EZH2	BCORL1	115	1	3	0	<-3	1.000	1.000	Mutual exclusivity
PHF6	BCORL1	115	1	3	0	<-3	1.000	1.000	Mutual exclusivity
MAP2K1	BCORL1	115	1	3	0	<-3	1.000	1.000	Mutual exclusivity
WT1	BCORL1	115	1	3	0	<-3	1.000	1.000	Mutual exclusivity
BRINP3	BCORL1	115	1	3	0	<-3	1.000	1.000	Mutual exclusivity
STAG2	PRPF40B	115	3	1	0	<-3	1.000	1.000	Mutual exclusivity
BCOR	PRPF40B	115	3	1	0	<-3	1.000	1.000	Mutual exclusivity
CSF1R	PRPF40B	115	3	1	0	<-3	1.000	1.000	Mutual exclusivity
BCORL1	PRPF40B	115	3	1	0	<-3	1.000	1.000	Mutual exclusivity
BCOR	MPL	115	3	1	0	<-3	1.000	1.000	Mutual exclusivity
CSF1R	MPL	115	3	1	0	<-3	1.000	1.000	Mutual exclusivity
BCORL1	MPL	115	3	1	0	<-3	1.000	1.000	Mutual exclusivity
STAG2	SMC1A	115	3	1	0	<-3	1.000	1.000	Mutual exclusivity
BCOR	SMC1A	115	3	1	0	<-3	1.000	1.000	Mutual exclusivity
CSF1R	SMC1A	115	3	1	0	<-3	1.000	1.000	Mutual exclusivity
BCORL1	SMC1A	115	3	1	0	<-3	1.000	1.000	Mutual exclusivity
STAG2	KRAS	115	3	1	0	<-3	1.000	1.000	Mutual exclusivity
BCOR	KRAS	115	3	1	0	<-3	1.000	1.000	Mutual exclusivity
CSF1R	KRAS	115	3	1	0	<-3	1.000	1.000	Mutual exclusivity
BCORL1	KRAS	115	3	1	0	<-3	1.000	1.000	Mutual exclusivity
STAG2	FBXW7	115	3	1	0	<-3	1.000	1.000	Mutual exclusivity
BCOR	FBXW7	115	3	1	0	<-3	1.000	1.000	Mutual exclusivity
CSF1R	FBXW7	115	3	1	0	<-3	1.000	1.000	Mutual exclusivity
BCORL1	FBXW7	115	3	1	0	<-3	1.000	1.000	Mutual exclusivity
STAG2	IL7R	115	3	1	0	<-3	1.000	1.000	Mutual exclusivity
BCOR	IL7R	115	3	1	0	<-3	1.000	1.000	Mutual exclusivity
CSF1R	IL7R	115	3	1	0	<-3	1.000	1.000	Mutual exclusivity
BCORL1	IL7R	115	3	1	0	<-3	1.000	1.000	Mutual exclusivity
STAG2	SF1	115	3	1	0	<-3	1.000	1.000	Mutual exclusivity
CSF1R	SF1	115	3	1	0	<-3	1.000	1.000	Mutual exclusivity
BCORL1	SF1	115	3	1	0	<-3	1.000	1.000	Mutual exclusivity
STAG2	chr17loss	115	3	1	0	<-3	1.000	1.000	Mutual exclusivity
BCOR	chr17loss	115	3	1	0	<-3	1.000	1.000	Mutual exclusivity
CSF1R	chr17loss	115	3	1	0	<-3	1.000	1.000	Mutual exclusivity
BCORL1	chr17loss	115	3	1	0	<-3	1.000	1.000	Mutual exclusivity
STAG2	inv(16)	115	3	1	0	<-3	1.000	1.000	Mutual exclusivity
BCOR	inv(16)	115	3	1	0	<-3	1.000	1.000	Mutual exclusivity
BCORL1	inv(16)	115	3	1	0	<-3	1.000	1.000	Mutual exclusivity
STAG2	t(11;19)	115	3	1	0	<-3	1.000	1.000	Mutual exclusivity
BCOR	t(11;19)	115	3	1	0	<-3	1.000	1.000	Mutual exclusivity
CSF1R	t(11;19)	115	3	1	0	<-3	1.000	1.000	Mutual exclusivity
BCORL1	t(11;19)	115	3	1	0	<-3	1.000	1.000	Mutual exclusivity
STAG2	t(8;21)	115	3	1	0	<-3	1.000	1.000	Mutual exclusivity
BCOR	t(8;21)	115	3	1	0	<-3	1.000	1.000	Mutual exclusivity
CSF1R	t(8;21)	115	3	1	0	<-3	1.000	1.000	Mutual exclusivity
BCOR	chr5qdel	115	3	1	0	<-3	1.000	1.000	Mutual exclusivity
CSF1R	chr5qdel	115	3	1	0	<-3	1.000	1.000	Mutual exclusivity
BCORL1	chr5qdel	115	3	1	0	<-3	1.000	1.000	Mutual exclusivity
IDH2	CDH2	105	13	1	0	<-3	1.000	1.000	Mutual exclusivity
IDH2	SF3B1	105	13	1	0	<-3	1.000	1.000	Mutual exclusivity
IDH2	SETBP1	105	13	1	0	<-3	1.000	1.000	Mutual exclusivity
IDH2	NOTCH1	105	13	1	0	<-3	1.000	1.000	Mutual exclusivity
IDH2	RAD21	105	13	1	0	<-3	1.000	1.000	Mutual exclusivity
IDH2	ABL1	105	13	1	0	<-3	1.000	1.000	Mutual exclusivity
IDH2	EZH2	105	13	1	0	<-3	1.000	1.000	Mutual exclusivity
IDH2	PHF6	105	13	1	0	<-3	1.000	1.000	Mutual exclusivity
IDH2	MAP2K1	105	13	1	0	<-3	1.000	1.000	Mutual exclusivity
IDH2	WT1	105	13	1	0	<-3	1.000	1.000	Mutual exclusivity
IDH2	BRINP3	105	13	1	0	<-3	1.000	1.000	Mutual exclusivity
IDH2	PRPF40B	105	13	1	0	<-3	1.000	1.000	Mutual exclusivity
IDH2	SMC1A	105	13	1	0	<-3	1.000	1.000	Mutual exclusivity
IDH2	KRAS	105	13	1	0	<-3	1.000	1.000	Mutual exclusivity
IDH2	FBXW7	105	13	1	0	<-3	1.000	1.000	Mutual exclusivity
IDH2	IL7R	105	13	1	0	<-3	1.000	1.000	Mutual exclusivity
IDH2	SF1	105	13	1	0	<-3	1.000	1.000	Mutual exclusivity
IDH2	chr17loss	105	13	1	0	<-3	1.000	1.000	Mutual exclusivity
IDH2	inv(16)	105	13	1	0	<-3	1.000	1.000	Mutual exclusivity
IDH2	t(11;19)	105	13	1	0	<-3	1.000	1.000	Mutual exclusivity
IDH2	t(8;21)	105	13	1	0	<-3	1.000	1.000	Mutual exclusivity
IDH2	chr5qdel	105	13	1	0	<-3	1.000	1.000	Mutual exclusivity
JAK2	CBL	115	2	2	0	<-3	1.000	1.000	Mutual exclusivity
IDH1	MYCN	115	2	2	0	<-3	1.000	1.000	Mutual exclusivity
JAK2	MYCN	115	2	2	0	<-3	1.000	1.000	Mutual exclusivity
CBL	MYCN	115	2	2	0	<-3	1.000	1.000	Mutual exclusivity
JAK2	NPM1	115	2	2	0	<-3	1.000	1.000	Mutual exclusivity
MYCN	NPM1	115	2	2	0	<-3	1.000	1.000	Mutual exclusivity
IDH1	ZRSR2	115	2	2	0	<-3	1.000	1.000	Mutual exclusivity
JAK2	ZRSR2	115	2	2	0	<-3	1.000	1.000	Mutual exclusivity
CBL	ZRSR2	115	2	2	0	<-3	1.000	1.000	Mutual exclusivity
NPM1	ZRSR2	115	2	2	0	<-3	1.000	1.000	Mutual exclusivity
IDH1	MYC	115	2	2	0	<-3	1.000	1.000	Mutual exclusivity
JAK2	MYC	115	2	2	0	<-3	1.000	1.000	Mutual exclusivity
CBL	MYC	115	2	2	0	<-3	1.000	1.000	Mutual exclusivity
MYCN	MYC	115	2	2	0	<-3	1.000	1.000	Mutual exclusivity
NPM1	MYC	115	2	2	0	<-3	1.000	1.000	Mutual exclusivity
ZRSR2	MYC	115	2	2	0	<-3	1.000	1.000	Mutual exclusivity
IDH1	NRAS	115	2	2	0	<-3	1.000	1.000	Mutual exclusivity
JAK2	NRAS	115	2	2	0	<-3	1.000	1.000	Mutual exclusivity
CBL	NRAS	115	2	2	0	<-3	1.000	1.000	Mutual exclusivity
MYCN	NRAS	115	2	2	0	<-3	1.000	1.000	Mutual exclusivity
NPM1	NRAS	115	2	2	0	<-3	1.000	1.000	Mutual exclusivity
ZRSR2	NRAS	115	2	2	0	<-3	1.000	1.000	Mutual exclusivity
MYC	NRAS	115	2	2	0	<-3	1.000	1.000	Mutual exclusivity
IDH1	CDKN2A	115	2	2	0	<-3	1.000	1.000	Mutual exclusivity
JAK2	CDKN2A	115	2	2	0	<-3	1.000	1.000	Mutual exclusivity
CBL	CDKN2A	115	2	2	0	<-3	1.000	1.000	Mutual exclusivity
MYCN	CDKN2A	115	2	2	0	<-3	1.000	1.000	Mutual exclusivity
NPM1	CDKN2A	115	2	2	0	<-3	1.000	1.000	Mutual exclusivity
ZRSR2	CDKN2A	115	2	2	0	<-3	1.000	1.000	Mutual exclusivity
MYC	CDKN2A	115	2	2	0	<-3	1.000	1.000	Mutual exclusivity
NRAS	CDKN2A	115	2	2	0	<-3	1.000	1.000	Mutual exclusivity
IDH1	U2AF1	115	2	2	0	<-3	1.000	1.000	Mutual exclusivity
JAK2	U2AF1	115	2	2	0	<-3	1.000	1.000	Mutual exclusivity
CBL	U2AF1	115	2	2	0	<-3	1.000	1.000	Mutual exclusivity
NPM1	U2AF1	115	2	2	0	<-3	1.000	1.000	Mutual exclusivity
MYC	U2AF1	115	2	2	0	<-3	1.000	1.000	Mutual exclusivity
NRAS	U2AF1	115	2	2	0	<-3	1.000	1.000	Mutual exclusivity
CDKN2A	U2AF1	115	2	2	0	<-3	1.000	1.000	Mutual exclusivity
IDH1	NF1	115	2	2	0	<-3	1.000	1.000	Mutual exclusivity
JAK2	NF1	115	2	2	0	<-3	1.000	1.000	Mutual exclusivity
CBL	NF1	115	2	2	0	<-3	1.000	1.000	Mutual exclusivity
MYCN	NF1	115	2	2	0	<-3	1.000	1.000	Mutual exclusivity
NPM1	NF1	115	2	2	0	<-3	1.000	1.000	Mutual exclusivity
ZRSR2	NF1	115	2	2	0	<-3	1.000	1.000	Mutual exclusivity
MYC	NF1	115	2	2	0	<-3	1.000	1.000	Mutual exclusivity
NRAS	NF1	115	2	2	0	<-3	1.000	1.000	Mutual exclusivity
CDKN2A	NF1	115	2	2	0	<-3	1.000	1.000	Mutual exclusivity
U2AF1	NF1	115	2	2	0	<-3	1.000	1.000	Mutual exclusivity
IDH1	chr8gain	115	2	2	0	<-3	1.000	1.000	Mutual exclusivity
JAK2	chr8gain	115	2	2	0	<-3	1.000	1.000	Mutual exclusivity
MYCN	chr8gain	115	2	2	0	<-3	1.000	1.000	Mutual exclusivity
NPM1	chr8gain	115	2	2	0	<-3	1.000	1.000	Mutual exclusivity
ZRSR2	chr8gain	115	2	2	0	<-3	1.000	1.000	Mutual exclusivity
MYC	chr8gain	115	2	2	0	<-3	1.000	1.000	Mutual exclusivity
NRAS	chr8gain	115	2	2	0	<-3	1.000	1.000	Mutual exclusivity
CDKN2A	chr8gain	115	2	2	0	<-3	1.000	1.000	Mutual exclusivity
U2AF1	chr8gain	115	2	2	0	<-3	1.000	1.000	Mutual exclusivity
NF1	chr8gain	115	2	2	0	<-3	1.000	1.000	Mutual exclusivity
STAG2	BCOR	113	3	3	0	<-3	1.000	1.000	Mutual exclusivity
STAG2	CSF1R	113	3	3	0	<-3	1.000	1.000	Mutual exclusivity
BCOR	CSF1R	113	3	3	0	<-3	1.000	1.000	Mutual exclusivity
STAG2	BCORL1	113	3	3	0	<-3	1.000	1.000	Mutual exclusivity
BCOR	BCORL1	113	3	3	0	<-3	1.000	1.000	Mutual exclusivity
CSF1R	BCORL1	113	3	3	0	<-3	1.000	1.000	Mutual exclusivity
IDH2	ATM	102	13	4	0	<-3	1.000	1.000	Mutual exclusivity
SRSF2	NPM1	108	9	2	0	<-3	1.000	1.000	Mutual exclusivity
SRSF2	ZRSR2	108	9	2	0	<-3	1.000	1.000	Mutual exclusivity
SRSF2	MYC	108	9	2	0	<-3	1.000	1.000	Mutual exclusivity
SRSF2	NRAS	108	9	2	0	<-3	1.000	1.000	Mutual exclusivity
FLT3	NRAS	108	9	2	0	<-3	1.000	1.000	Mutual exclusivity
SRSF2	CDKN2A	108	9	2	0	<-3	1.000	1.000	Mutual exclusivity
SRSF2	U2AF1	108	9	2	0	<-3	1.000	1.000	Mutual exclusivity
SRSF2	NF1	108	9	2	0	<-3	1.000	1.000	Mutual exclusivity
FLT3	NF1	108	9	2	0	<-3	1.000	1.000	Mutual exclusivity
SRSF2	chr8gain	108	9	2	0	<-3	1.000	1.000	Mutual exclusivity
FLT3	chr8gain	108	9	2	0	<-3	1.000	1.000	Mutual exclusivity
TET2	CDH2	96	22	1	0	<-3	1.000	1.000	Mutual exclusivity
TET2	BIRC3	96	22	1	0	<-3	1.000	1.000	Mutual exclusivity
TET2	MYD88	96	22	1	0	<-3	1.000	1.000	Mutual exclusivity
TET2	SETBP1	96	22	1	0	<-3	1.000	1.000	Mutual exclusivity
TET2	NOTCH1	96	22	1	0	<-3	1.000	1.000	Mutual exclusivity
TET2	RAD21	96	22	1	0	<-3	1.000	1.000	Mutual exclusivity
TET2	ABL1	96	22	1	0	<-3	1.000	1.000	Mutual exclusivity
TET2	EZH2	96	22	1	0	<-3	1.000	1.000	Mutual exclusivity
TET2	PHF6	96	22	1	0	<-3	1.000	1.000	Mutual exclusivity
TET2	MAP2K1	96	22	1	0	<-3	1.000	1.000	Mutual exclusivity
TET2	WT1	96	22	1	0	<-3	1.000	1.000	Mutual exclusivity
TET2	PRPF40B	96	22	1	0	<-3	1.000	1.000	Mutual exclusivity
TET2	MPL	96	22	1	0	<-3	1.000	1.000	Mutual exclusivity
TET2	KRAS	96	22	1	0	<-3	1.000	1.000	Mutual exclusivity
TET2	FBXW7	96	22	1	0	<-3	1.000	1.000	Mutual exclusivity
TET2	IL7R	96	22	1	0	<-3	1.000	1.000	Mutual exclusivity
TET2	SF1	96	22	1	0	<-3	1.000	1.000	Mutual exclusivity
TET2	chr17loss	96	22	1	0	<-3	1.000	1.000	Mutual exclusivity
TET2	inv(16)	96	22	1	0	<-3	1.000	1.000	Mutual exclusivity
TET2	t(11;19)	96	22	1	0	<-3	1.000	1.000	Mutual exclusivity
TET2	t(8;21)	96	22	1	0	<-3	1.000	1.000	Mutual exclusivity
TET2	chr5qdel	96	22	1	0	<-3	1.000	1.000	Mutual exclusivity
DNMT3A	ATM	86	29	3	1	-0.017	1.000	1.000	Mutual exclusivity
DNMT3A	RUNX1	86	29	3	1	-0.017	1.000	1.000	Mutual exclusivity
TET2	ATM	93	22	4	0	<-3	1.000	1.000	Mutual exclusivity
DNMT3A	CDH2	88	30	1	0	<-3	1.000	1.000	Mutual exclusivity
DNMT3A	SF3B1	88	30	1	0	<-3	1.000	1.000	Mutual exclusivity
DNMT3A	BIRC3	88	30	1	0	<-3	1.000	1.000	Mutual exclusivity
DNMT3A	MYD88	88	30	1	0	<-3	1.000	1.000	Mutual exclusivity
DNMT3A	SETBP1	88	30	1	0	<-3	1.000	1.000	Mutual exclusivity
DNMT3A	NOTCH1	88	30	1	0	<-3	1.000	1.000	Mutual exclusivity
DNMT3A	RAD21	88	30	1	0	<-3	1.000	1.000	Mutual exclusivity
DNMT3A	ABL1	88	30	1	0	<-3	1.000	1.000	Mutual exclusivity
DNMT3A	EZH2	88	30	1	0	<-3	1.000	1.000	Mutual exclusivity
DNMT3A	PHF6	88	30	1	0	<-3	1.000	1.000	Mutual exclusivity
DNMT3A	MAP2K1	88	30	1	0	<-3	1.000	1.000	Mutual exclusivity
DNMT3A	WT1	88	30	1	0	<-3	1.000	1.000	Mutual exclusivity
DNMT3A	PRPF40B	88	30	1	0	<-3	1.000	1.000	Mutual exclusivity
DNMT3A	MPL	88	30	1	0	<-3	1.000	1.000	Mutual exclusivity
DNMT3A	SMC1A	88	30	1	0	<-3	1.000	1.000	Mutual exclusivity
DNMT3A	KRAS	88	30	1	0	<-3	1.000	1.000	Mutual exclusivity
DNMT3A	IL7R	88	30	1	0	<-3	1.000	1.000	Mutual exclusivity
DNMT3A	SF1	88	30	1	0	<-3	1.000	1.000	Mutual exclusivity
DNMT3A	chr17loss	88	30	1	0	<-3	1.000	1.000	Mutual exclusivity
DNMT3A	inv(16)	88	30	1	0	<-3	1.000	1.000	Mutual exclusivity
DNMT3A	t(11;19)	88	30	1	0	<-3	1.000	1.000	Mutual exclusivity
DNMT3A	t(8;21)	88	30	1	0	<-3	1.000	1.000	Mutual exclusivity
DNMT3A	chr5qdel	88	30	1	0	<-3	1.000	1.000	Mutual exclusivity
ATM	RUNX1	111	4	4	0	<-3	1.000	1.000	Mutual exclusivity
STAG2	ATM	112	3	4	0	<-3	1.000	1.000	Mutual exclusivity
STAG2	RUNX1	112	3	4	0	<-3	1.000	1.000	Mutual exclusivity
ATM	BCOR	112	4	3	0	<-3	1.000	1.000	Mutual exclusivity
RUNX1	BCOR	112	4	3	0	<-3	1.000	1.000	Mutual exclusivity
ATM	CSF1R	112	4	3	0	<-3	1.000	1.000	Mutual exclusivity
RUNX1	CSF1R	112	4	3	0	<-3	1.000	1.000	Mutual exclusivity
ATM	BCORL1	112	4	3	0	<-3	1.000	1.000	Mutual exclusivity
RUNX1	BCORL1	112	4	3	0	<-3	1.000	1.000	Mutual exclusivity
ATM	SRSF2	106	4	9	0	<-3	1.000	1.000	Mutual exclusivity
RUNX1	FLT3	106	4	9	0	<-3	1.000	1.000	Mutual exclusivity
CDH2	ATM	114	1	4	0	<-3	1.000	1.000	Mutual exclusivity
CDH2	RUNX1	114	1	4	0	<-3	1.000	1.000	Mutual exclusivity
ATM	SF3B1	114	4	1	0	<-3	1.000	1.000	Mutual exclusivity
RUNX1	SF3B1	114	4	1	0	<-3	1.000	1.000	Mutual exclusivity
ATM	BIRC3	114	4	1	0	<-3	1.000	1.000	Mutual exclusivity
ATM	MYD88	114	4	1	0	<-3	1.000	1.000	Mutual exclusivity
ATM	SETBP1	114	4	1	0	<-3	1.000	1.000	Mutual exclusivity
RUNX1	SETBP1	114	4	1	0	<-3	1.000	1.000	Mutual exclusivity
ATM	NOTCH1	114	4	1	0	<-3	1.000	1.000	Mutual exclusivity
RUNX1	NOTCH1	114	4	1	0	<-3	1.000	1.000	Mutual exclusivity
ATM	RAD21	114	4	1	0	<-3	1.000	1.000	Mutual exclusivity
RUNX1	RAD21	114	4	1	0	<-3	1.000	1.000	Mutual exclusivity
ATM	ABL1	114	4	1	0	<-3	1.000	1.000	Mutual exclusivity
RUNX1	ABL1	114	4	1	0	<-3	1.000	1.000	Mutual exclusivity
ATM	EZH2	114	4	1	0	<-3	1.000	1.000	Mutual exclusivity
RUNX1	EZH2	114	4	1	0	<-3	1.000	1.000	Mutual exclusivity
ATM	PHF6	114	4	1	0	<-3	1.000	1.000	Mutual exclusivity
RUNX1	PHF6	114	4	1	0	<-3	1.000	1.000	Mutual exclusivity
ATM	MAP2K1	114	4	1	0	<-3	1.000	1.000	Mutual exclusivity
RUNX1	MAP2K1	114	4	1	0	<-3	1.000	1.000	Mutual exclusivity
ATM	WT1	114	4	1	0	<-3	1.000	1.000	Mutual exclusivity
RUNX1	WT1	114	4	1	0	<-3	1.000	1.000	Mutual exclusivity
ATM	BRINP3	114	4	1	0	<-3	1.000	1.000	Mutual exclusivity
RUNX1	BRINP3	114	4	1	0	<-3	1.000	1.000	Mutual exclusivity
ATM	PRPF40B	114	4	1	0	<-3	1.000	1.000	Mutual exclusivity
RUNX1	PRPF40B	114	4	1	0	<-3	1.000	1.000	Mutual exclusivity
ATM	MPL	114	4	1	0	<-3	1.000	1.000	Mutual exclusivity
RUNX1	MPL	114	4	1	0	<-3	1.000	1.000	Mutual exclusivity
ATM	SMC1A	114	4	1	0	<-3	1.000	1.000	Mutual exclusivity
RUNX1	SMC1A	114	4	1	0	<-3	1.000	1.000	Mutual exclusivity
ATM	KRAS	114	4	1	0	<-3	1.000	1.000	Mutual exclusivity
RUNX1	KRAS	114	4	1	0	<-3	1.000	1.000	Mutual exclusivity
ATM	FBXW7	114	4	1	0	<-3	1.000	1.000	Mutual exclusivity
RUNX1	FBXW7	114	4	1	0	<-3	1.000	1.000	Mutual exclusivity
ATM	IL7R	114	4	1	0	<-3	1.000	1.000	Mutual exclusivity
RUNX1	IL7R	114	4	1	0	<-3	1.000	1.000	Mutual exclusivity
ATM	SF1	114	4	1	0	<-3	1.000	1.000	Mutual exclusivity
RUNX1	SF1	114	4	1	0	<-3	1.000	1.000	Mutual exclusivity
ATM	chr17loss	114	4	1	0	<-3	1.000	1.000	Mutual exclusivity
RUNX1	chr17loss	114	4	1	0	<-3	1.000	1.000	Mutual exclusivity
ATM	inv(16)	114	4	1	0	<-3	1.000	1.000	Mutual exclusivity
RUNX1	inv(16)	114	4	1	0	<-3	1.000	1.000	Mutual exclusivity
ATM	t(11;19)	114	4	1	0	<-3	1.000	1.000	Mutual exclusivity
RUNX1	t(11;19)	114	4	1	0	<-3	1.000	1.000	Mutual exclusivity
ATM	t(8;21)	114	4	1	0	<-3	1.000	1.000	Mutual exclusivity
RUNX1	t(8;21)	114	4	1	0	<-3	1.000	1.000	Mutual exclusivity
ATM	chr5qdel	114	4	1	0	<-3	1.000	1.000	Mutual exclusivity
RUNX1	chr5qdel	114	4	1	0	<-3	1.000	1.000	Mutual exclusivity
TP53	FLT3	105	5	9	0	<-3	1.000	1.000	Mutual exclusivity
DNMT3A	FLT3	82	28	7	2	-0.257	1.000	1.000	Mutual exclusivity
CDH2	SF3B1	117	1	1	0	<-3	1.000	1.000	Mutual exclusivity
CDH2	BIRC3	117	1	1	0	<-3	1.000	1.000	Mutual exclusivity
SF3B1	BIRC3	117	1	1	0	<-3	1.000	1.000	Mutual exclusivity
CDH2	MYD88	117	1	1	0	<-3	1.000	1.000	Mutual exclusivity
SF3B1	MYD88	117	1	1	0	<-3	1.000	1.000	Mutual exclusivity
CDH2	SETBP1	117	1	1	0	<-3	1.000	1.000	Mutual exclusivity
SF3B1	SETBP1	117	1	1	0	<-3	1.000	1.000	Mutual exclusivity
BIRC3	SETBP1	117	1	1	0	<-3	1.000	1.000	Mutual exclusivity
MYD88	SETBP1	117	1	1	0	<-3	1.000	1.000	Mutual exclusivity
CDH2	NOTCH1	117	1	1	0	<-3	1.000	1.000	Mutual exclusivity
SF3B1	NOTCH1	117	1	1	0	<-3	1.000	1.000	Mutual exclusivity
BIRC3	NOTCH1	117	1	1	0	<-3	1.000	1.000	Mutual exclusivity
MYD88	NOTCH1	117	1	1	0	<-3	1.000	1.000	Mutual exclusivity
SETBP1	NOTCH1	117	1	1	0	<-3	1.000	1.000	Mutual exclusivity
CDH2	RAD21	117	1	1	0	<-3	1.000	1.000	Mutual exclusivity
SF3B1	RAD21	117	1	1	0	<-3	1.000	1.000	Mutual exclusivity
BIRC3	RAD21	117	1	1	0	<-3	1.000	1.000	Mutual exclusivity
MYD88	RAD21	117	1	1	0	<-3	1.000	1.000	Mutual exclusivity
SETBP1	RAD21	117	1	1	0	<-3	1.000	1.000	Mutual exclusivity
NOTCH1	RAD21	117	1	1	0	<-3	1.000	1.000	Mutual exclusivity
CDH2	ABL1	117	1	1	0	<-3	1.000	1.000	Mutual exclusivity
SF3B1	ABL1	117	1	1	0	<-3	1.000	1.000	Mutual exclusivity
BIRC3	ABL1	117	1	1	0	<-3	1.000	1.000	Mutual exclusivity
MYD88	ABL1	117	1	1	0	<-3	1.000	1.000	Mutual exclusivity
SETBP1	ABL1	117	1	1	0	<-3	1.000	1.000	Mutual exclusivity
NOTCH1	ABL1	117	1	1	0	<-3	1.000	1.000	Mutual exclusivity
RAD21	ABL1	117	1	1	0	<-3	1.000	1.000	Mutual exclusivity
CDH2	EZH2	117	1	1	0	<-3	1.000	1.000	Mutual exclusivity
SF3B1	EZH2	117	1	1	0	<-3	1.000	1.000	Mutual exclusivity
BIRC3	EZH2	117	1	1	0	<-3	1.000	1.000	Mutual exclusivity
MYD88	EZH2	117	1	1	0	<-3	1.000	1.000	Mutual exclusivity
SETBP1	EZH2	117	1	1	0	<-3	1.000	1.000	Mutual exclusivity
NOTCH1	EZH2	117	1	1	0	<-3	1.000	1.000	Mutual exclusivity
RAD21	EZH2	117	1	1	0	<-3	1.000	1.000	Mutual exclusivity
ABL1	EZH2	117	1	1	0	<-3	1.000	1.000	Mutual exclusivity
CDH2	PHF6	117	1	1	0	<-3	1.000	1.000	Mutual exclusivity
SF3B1	PHF6	117	1	1	0	<-3	1.000	1.000	Mutual exclusivity
BIRC3	PHF6	117	1	1	0	<-3	1.000	1.000	Mutual exclusivity
MYD88	PHF6	117	1	1	0	<-3	1.000	1.000	Mutual exclusivity
SETBP1	PHF6	117	1	1	0	<-3	1.000	1.000	Mutual exclusivity
NOTCH1	PHF6	117	1	1	0	<-3	1.000	1.000	Mutual exclusivity
RAD21	PHF6	117	1	1	0	<-3	1.000	1.000	Mutual exclusivity
ABL1	PHF6	117	1	1	0	<-3	1.000	1.000	Mutual exclusivity
CDH2	MAP2K1	117	1	1	0	<-3	1.000	1.000	Mutual exclusivity
SF3B1	MAP2K1	117	1	1	0	<-3	1.000	1.000	Mutual exclusivity
BIRC3	MAP2K1	117	1	1	0	<-3	1.000	1.000	Mutual exclusivity
MYD88	MAP2K1	117	1	1	0	<-3	1.000	1.000	Mutual exclusivity
SETBP1	MAP2K1	117	1	1	0	<-3	1.000	1.000	Mutual exclusivity
NOTCH1	MAP2K1	117	1	1	0	<-3	1.000	1.000	Mutual exclusivity
RAD21	MAP2K1	117	1	1	0	<-3	1.000	1.000	Mutual exclusivity
ABL1	MAP2K1	117	1	1	0	<-3	1.000	1.000	Mutual exclusivity
EZH2	MAP2K1	117	1	1	0	<-3	1.000	1.000	Mutual exclusivity
PHF6	MAP2K1	117	1	1	0	<-3	1.000	1.000	Mutual exclusivity
CDH2	WT1	117	1	1	0	<-3	1.000	1.000	Mutual exclusivity
SF3B1	WT1	117	1	1	0	<-3	1.000	1.000	Mutual exclusivity
BIRC3	WT1	117	1	1	0	<-3	1.000	1.000	Mutual exclusivity
MYD88	WT1	117	1	1	0	<-3	1.000	1.000	Mutual exclusivity
SETBP1	WT1	117	1	1	0	<-3	1.000	1.000	Mutual exclusivity
NOTCH1	WT1	117	1	1	0	<-3	1.000	1.000	Mutual exclusivity
RAD21	WT1	117	1	1	0	<-3	1.000	1.000	Mutual exclusivity
ABL1	WT1	117	1	1	0	<-3	1.000	1.000	Mutual exclusivity
EZH2	WT1	117	1	1	0	<-3	1.000	1.000	Mutual exclusivity
PHF6	WT1	117	1	1	0	<-3	1.000	1.000	Mutual exclusivity
CDH2	BRINP3	117	1	1	0	<-3	1.000	1.000	Mutual exclusivity
SF3B1	BRINP3	117	1	1	0	<-3	1.000	1.000	Mutual exclusivity
BIRC3	BRINP3	117	1	1	0	<-3	1.000	1.000	Mutual exclusivity
MYD88	BRINP3	117	1	1	0	<-3	1.000	1.000	Mutual exclusivity
SETBP1	BRINP3	117	1	1	0	<-3	1.000	1.000	Mutual exclusivity
NOTCH1	BRINP3	117	1	1	0	<-3	1.000	1.000	Mutual exclusivity
RAD21	BRINP3	117	1	1	0	<-3	1.000	1.000	Mutual exclusivity
ABL1	BRINP3	117	1	1	0	<-3	1.000	1.000	Mutual exclusivity
EZH2	BRINP3	117	1	1	0	<-3	1.000	1.000	Mutual exclusivity
PHF6	BRINP3	117	1	1	0	<-3	1.000	1.000	Mutual exclusivity
MAP2K1	BRINP3	117	1	1	0	<-3	1.000	1.000	Mutual exclusivity
WT1	BRINP3	117	1	1	0	<-3	1.000	1.000	Mutual exclusivity
CDH2	PRPF40B	117	1	1	0	<-3	1.000	1.000	Mutual exclusivity
SF3B1	PRPF40B	117	1	1	0	<-3	1.000	1.000	Mutual exclusivity
BIRC3	PRPF40B	117	1	1	0	<-3	1.000	1.000	Mutual exclusivity
MYD88	PRPF40B	117	1	1	0	<-3	1.000	1.000	Mutual exclusivity
SETBP1	PRPF40B	117	1	1	0	<-3	1.000	1.000	Mutual exclusivity
NOTCH1	PRPF40B	117	1	1	0	<-3	1.000	1.000	Mutual exclusivity
RAD21	PRPF40B	117	1	1	0	<-3	1.000	1.000	Mutual exclusivity
ABL1	PRPF40B	117	1	1	0	<-3	1.000	1.000	Mutual exclusivity
EZH2	PRPF40B	117	1	1	0	<-3	1.000	1.000	Mutual exclusivity
PHF6	PRPF40B	117	1	1	0	<-3	1.000	1.000	Mutual exclusivity
MAP2K1	PRPF40B	117	1	1	0	<-3	1.000	1.000	Mutual exclusivity
WT1	PRPF40B	117	1	1	0	<-3	1.000	1.000	Mutual exclusivity
BRINP3	PRPF40B	117	1	1	0	<-3	1.000	1.000	Mutual exclusivity
CDH2	MPL	117	1	1	0	<-3	1.000	1.000	Mutual exclusivity
SF3B1	MPL	117	1	1	0	<-3	1.000	1.000	Mutual exclusivity
BIRC3	MPL	117	1	1	0	<-3	1.000	1.000	Mutual exclusivity
MYD88	MPL	117	1	1	0	<-3	1.000	1.000	Mutual exclusivity
SETBP1	MPL	117	1	1	0	<-3	1.000	1.000	Mutual exclusivity
NOTCH1	MPL	117	1	1	0	<-3	1.000	1.000	Mutual exclusivity
RAD21	MPL	117	1	1	0	<-3	1.000	1.000	Mutual exclusivity
ABL1	MPL	117	1	1	0	<-3	1.000	1.000	Mutual exclusivity
EZH2	MPL	117	1	1	0	<-3	1.000	1.000	Mutual exclusivity
PHF6	MPL	117	1	1	0	<-3	1.000	1.000	Mutual exclusivity
MAP2K1	MPL	117	1	1	0	<-3	1.000	1.000	Mutual exclusivity
WT1	MPL	117	1	1	0	<-3	1.000	1.000	Mutual exclusivity
BRINP3	MPL	117	1	1	0	<-3	1.000	1.000	Mutual exclusivity
PRPF40B	MPL	117	1	1	0	<-3	1.000	1.000	Mutual exclusivity
CDH2	SMC1A	117	1	1	0	<-3	1.000	1.000	Mutual exclusivity
SF3B1	SMC1A	117	1	1	0	<-3	1.000	1.000	Mutual exclusivity
BIRC3	SMC1A	117	1	1	0	<-3	1.000	1.000	Mutual exclusivity
MYD88	SMC1A	117	1	1	0	<-3	1.000	1.000	Mutual exclusivity
SETBP1	SMC1A	117	1	1	0	<-3	1.000	1.000	Mutual exclusivity
NOTCH1	SMC1A	117	1	1	0	<-3	1.000	1.000	Mutual exclusivity
RAD21	SMC1A	117	1	1	0	<-3	1.000	1.000	Mutual exclusivity
ABL1	SMC1A	117	1	1	0	<-3	1.000	1.000	Mutual exclusivity
EZH2	SMC1A	117	1	1	0	<-3	1.000	1.000	Mutual exclusivity
PHF6	SMC1A	117	1	1	0	<-3	1.000	1.000	Mutual exclusivity
MAP2K1	SMC1A	117	1	1	0	<-3	1.000	1.000	Mutual exclusivity
WT1	SMC1A	117	1	1	0	<-3	1.000	1.000	Mutual exclusivity
BRINP3	SMC1A	117	1	1	0	<-3	1.000	1.000	Mutual exclusivity
PRPF40B	SMC1A	117	1	1	0	<-3	1.000	1.000	Mutual exclusivity
MPL	SMC1A	117	1	1	0	<-3	1.000	1.000	Mutual exclusivity
CDH2	KRAS	117	1	1	0	<-3	1.000	1.000	Mutual exclusivity
SF3B1	KRAS	117	1	1	0	<-3	1.000	1.000	Mutual exclusivity
BIRC3	KRAS	117	1	1	0	<-3	1.000	1.000	Mutual exclusivity
MYD88	KRAS	117	1	1	0	<-3	1.000	1.000	Mutual exclusivity
SETBP1	KRAS	117	1	1	0	<-3	1.000	1.000	Mutual exclusivity
NOTCH1	KRAS	117	1	1	0	<-3	1.000	1.000	Mutual exclusivity
RAD21	KRAS	117	1	1	0	<-3	1.000	1.000	Mutual exclusivity
ABL1	KRAS	117	1	1	0	<-3	1.000	1.000	Mutual exclusivity
EZH2	KRAS	117	1	1	0	<-3	1.000	1.000	Mutual exclusivity
PHF6	KRAS	117	1	1	0	<-3	1.000	1.000	Mutual exclusivity
MAP2K1	KRAS	117	1	1	0	<-3	1.000	1.000	Mutual exclusivity
WT1	KRAS	117	1	1	0	<-3	1.000	1.000	Mutual exclusivity
BRINP3	KRAS	117	1	1	0	<-3	1.000	1.000	Mutual exclusivity
PRPF40B	KRAS	117	1	1	0	<-3	1.000	1.000	Mutual exclusivity
MPL	KRAS	117	1	1	0	<-3	1.000	1.000	Mutual exclusivity
SMC1A	KRAS	117	1	1	0	<-3	1.000	1.000	Mutual exclusivity
CDH2	FBXW7	117	1	1	0	<-3	1.000	1.000	Mutual exclusivity
SF3B1	FBXW7	117	1	1	0	<-3	1.000	1.000	Mutual exclusivity
BIRC3	FBXW7	117	1	1	0	<-3	1.000	1.000	Mutual exclusivity
MYD88	FBXW7	117	1	1	0	<-3	1.000	1.000	Mutual exclusivity
SETBP1	FBXW7	117	1	1	0	<-3	1.000	1.000	Mutual exclusivity
NOTCH1	FBXW7	117	1	1	0	<-3	1.000	1.000	Mutual exclusivity
RAD21	FBXW7	117	1	1	0	<-3	1.000	1.000	Mutual exclusivity
ABL1	FBXW7	117	1	1	0	<-3	1.000	1.000	Mutual exclusivity
EZH2	FBXW7	117	1	1	0	<-3	1.000	1.000	Mutual exclusivity
PHF6	FBXW7	117	1	1	0	<-3	1.000	1.000	Mutual exclusivity
MAP2K1	FBXW7	117	1	1	0	<-3	1.000	1.000	Mutual exclusivity
WT1	FBXW7	117	1	1	0	<-3	1.000	1.000	Mutual exclusivity
BRINP3	FBXW7	117	1	1	0	<-3	1.000	1.000	Mutual exclusivity
PRPF40B	FBXW7	117	1	1	0	<-3	1.000	1.000	Mutual exclusivity
MPL	FBXW7	117	1	1	0	<-3	1.000	1.000	Mutual exclusivity
SMC1A	FBXW7	117	1	1	0	<-3	1.000	1.000	Mutual exclusivity
KRAS	FBXW7	117	1	1	0	<-3	1.000	1.000	Mutual exclusivity
CDH2	IL7R	117	1	1	0	<-3	1.000	1.000	Mutual exclusivity
SF3B1	IL7R	117	1	1	0	<-3	1.000	1.000	Mutual exclusivity
BIRC3	IL7R	117	1	1	0	<-3	1.000	1.000	Mutual exclusivity
MYD88	IL7R	117	1	1	0	<-3	1.000	1.000	Mutual exclusivity
SETBP1	IL7R	117	1	1	0	<-3	1.000	1.000	Mutual exclusivity
NOTCH1	IL7R	117	1	1	0	<-3	1.000	1.000	Mutual exclusivity
RAD21	IL7R	117	1	1	0	<-3	1.000	1.000	Mutual exclusivity
ABL1	IL7R	117	1	1	0	<-3	1.000	1.000	Mutual exclusivity
EZH2	IL7R	117	1	1	0	<-3	1.000	1.000	Mutual exclusivity
PHF6	IL7R	117	1	1	0	<-3	1.000	1.000	Mutual exclusivity
MAP2K1	IL7R	117	1	1	0	<-3	1.000	1.000	Mutual exclusivity
WT1	IL7R	117	1	1	0	<-3	1.000	1.000	Mutual exclusivity
BRINP3	IL7R	117	1	1	0	<-3	1.000	1.000	Mutual exclusivity
PRPF40B	IL7R	117	1	1	0	<-3	1.000	1.000	Mutual exclusivity
MPL	IL7R	117	1	1	0	<-3	1.000	1.000	Mutual exclusivity
SMC1A	IL7R	117	1	1	0	<-3	1.000	1.000	Mutual exclusivity
KRAS	IL7R	117	1	1	0	<-3	1.000	1.000	Mutual exclusivity
FBXW7	IL7R	117	1	1	0	<-3	1.000	1.000	Mutual exclusivity
CDH2	SF1	117	1	1	0	<-3	1.000	1.000	Mutual exclusivity
SF3B1	SF1	117	1	1	0	<-3	1.000	1.000	Mutual exclusivity
BIRC3	SF1	117	1	1	0	<-3	1.000	1.000	Mutual exclusivity
MYD88	SF1	117	1	1	0	<-3	1.000	1.000	Mutual exclusivity
SETBP1	SF1	117	1	1	0	<-3	1.000	1.000	Mutual exclusivity
NOTCH1	SF1	117	1	1	0	<-3	1.000	1.000	Mutual exclusivity
RAD21	SF1	117	1	1	0	<-3	1.000	1.000	Mutual exclusivity
ABL1	SF1	117	1	1	0	<-3	1.000	1.000	Mutual exclusivity
EZH2	SF1	117	1	1	0	<-3	1.000	1.000	Mutual exclusivity
PHF6	SF1	117	1	1	0	<-3	1.000	1.000	Mutual exclusivity
MAP2K1	SF1	117	1	1	0	<-3	1.000	1.000	Mutual exclusivity
WT1	SF1	117	1	1	0	<-3	1.000	1.000	Mutual exclusivity
BRINP3	SF1	117	1	1	0	<-3	1.000	1.000	Mutual exclusivity
PRPF40B	SF1	117	1	1	0	<-3	1.000	1.000	Mutual exclusivity
MPL	SF1	117	1	1	0	<-3	1.000	1.000	Mutual exclusivity
SMC1A	SF1	117	1	1	0	<-3	1.000	1.000	Mutual exclusivity
KRAS	SF1	117	1	1	0	<-3	1.000	1.000	Mutual exclusivity
FBXW7	SF1	117	1	1	0	<-3	1.000	1.000	Mutual exclusivity
IL7R	SF1	117	1	1	0	<-3	1.000	1.000	Mutual exclusivity
CDH2	chr17loss	117	1	1	0	<-3	1.000	1.000	Mutual exclusivity
SF3B1	chr17loss	117	1	1	0	<-3	1.000	1.000	Mutual exclusivity
BIRC3	chr17loss	117	1	1	0	<-3	1.000	1.000	Mutual exclusivity
MYD88	chr17loss	117	1	1	0	<-3	1.000	1.000	Mutual exclusivity
SETBP1	chr17loss	117	1	1	0	<-3	1.000	1.000	Mutual exclusivity
NOTCH1	chr17loss	117	1	1	0	<-3	1.000	1.000	Mutual exclusivity
RAD21	chr17loss	117	1	1	0	<-3	1.000	1.000	Mutual exclusivity
ABL1	chr17loss	117	1	1	0	<-3	1.000	1.000	Mutual exclusivity
EZH2	chr17loss	117	1	1	0	<-3	1.000	1.000	Mutual exclusivity
PHF6	chr17loss	117	1	1	0	<-3	1.000	1.000	Mutual exclusivity
MAP2K1	chr17loss	117	1	1	0	<-3	1.000	1.000	Mutual exclusivity
WT1	chr17loss	117	1	1	0	<-3	1.000	1.000	Mutual exclusivity
BRINP3	chr17loss	117	1	1	0	<-3	1.000	1.000	Mutual exclusivity
PRPF40B	chr17loss	117	1	1	0	<-3	1.000	1.000	Mutual exclusivity
MPL	chr17loss	117	1	1	0	<-3	1.000	1.000	Mutual exclusivity
SMC1A	chr17loss	117	1	1	0	<-3	1.000	1.000	Mutual exclusivity
KRAS	chr17loss	117	1	1	0	<-3	1.000	1.000	Mutual exclusivity
FBXW7	chr17loss	117	1	1	0	<-3	1.000	1.000	Mutual exclusivity
IL7R	chr17loss	117	1	1	0	<-3	1.000	1.000	Mutual exclusivity
SF1	chr17loss	117	1	1	0	<-3	1.000	1.000	Mutual exclusivity
CDH2	inv(16)	117	1	1	0	<-3	1.000	1.000	Mutual exclusivity
SF3B1	inv(16)	117	1	1	0	<-3	1.000	1.000	Mutual exclusivity
BIRC3	inv(16)	117	1	1	0	<-3	1.000	1.000	Mutual exclusivity
MYD88	inv(16)	117	1	1	0	<-3	1.000	1.000	Mutual exclusivity
SETBP1	inv(16)	117	1	1	0	<-3	1.000	1.000	Mutual exclusivity
NOTCH1	inv(16)	117	1	1	0	<-3	1.000	1.000	Mutual exclusivity
ABL1	inv(16)	117	1	1	0	<-3	1.000	1.000	Mutual exclusivity
EZH2	inv(16)	117	1	1	0	<-3	1.000	1.000	Mutual exclusivity
PHF6	inv(16)	117	1	1	0	<-3	1.000	1.000	Mutual exclusivity
MAP2K1	inv(16)	117	1	1	0	<-3	1.000	1.000	Mutual exclusivity
WT1	inv(16)	117	1	1	0	<-3	1.000	1.000	Mutual exclusivity
BRINP3	inv(16)	117	1	1	0	<-3	1.000	1.000	Mutual exclusivity
PRPF40B	inv(16)	117	1	1	0	<-3	1.000	1.000	Mutual exclusivity
MPL	inv(16)	117	1	1	0	<-3	1.000	1.000	Mutual exclusivity
SMC1A	inv(16)	117	1	1	0	<-3	1.000	1.000	Mutual exclusivity
KRAS	inv(16)	117	1	1	0	<-3	1.000	1.000	Mutual exclusivity
FBXW7	inv(16)	117	1	1	0	<-3	1.000	1.000	Mutual exclusivity
IL7R	inv(16)	117	1	1	0	<-3	1.000	1.000	Mutual exclusivity
SF1	inv(16)	117	1	1	0	<-3	1.000	1.000	Mutual exclusivity
chr17loss	inv(16)	117	1	1	0	<-3	1.000	1.000	Mutual exclusivity
CDH2	t(11;19)	117	1	1	0	<-3	1.000	1.000	Mutual exclusivity
SF3B1	t(11;19)	117	1	1	0	<-3	1.000	1.000	Mutual exclusivity
BIRC3	t(11;19)	117	1	1	0	<-3	1.000	1.000	Mutual exclusivity
MYD88	t(11;19)	117	1	1	0	<-3	1.000	1.000	Mutual exclusivity
SETBP1	t(11;19)	117	1	1	0	<-3	1.000	1.000	Mutual exclusivity
NOTCH1	t(11;19)	117	1	1	0	<-3	1.000	1.000	Mutual exclusivity
RAD21	t(11;19)	117	1	1	0	<-3	1.000	1.000	Mutual exclusivity
ABL1	t(11;19)	117	1	1	0	<-3	1.000	1.000	Mutual exclusivity
EZH2	t(11;19)	117	1	1	0	<-3	1.000	1.000	Mutual exclusivity
PHF6	t(11;19)	117	1	1	0	<-3	1.000	1.000	Mutual exclusivity
MAP2K1	t(11;19)	117	1	1	0	<-3	1.000	1.000	Mutual exclusivity
WT1	t(11;19)	117	1	1	0	<-3	1.000	1.000	Mutual exclusivity
BRINP3	t(11;19)	117	1	1	0	<-3	1.000	1.000	Mutual exclusivity
PRPF40B	t(11;19)	117	1	1	0	<-3	1.000	1.000	Mutual exclusivity
MPL	t(11;19)	117	1	1	0	<-3	1.000	1.000	Mutual exclusivity
SMC1A	t(11;19)	117	1	1	0	<-3	1.000	1.000	Mutual exclusivity
FBXW7	t(11;19)	117	1	1	0	<-3	1.000	1.000	Mutual exclusivity
IL7R	t(11;19)	117	1	1	0	<-3	1.000	1.000	Mutual exclusivity
SF1	t(11;19)	117	1	1	0	<-3	1.000	1.000	Mutual exclusivity
chr17loss	t(11;19)	117	1	1	0	<-3	1.000	1.000	Mutual exclusivity
inv(16)	t(11;19)	117	1	1	0	<-3	1.000	1.000	Mutual exclusivity
CDH2	t(8;21)	117	1	1	0	<-3	1.000	1.000	Mutual exclusivity
SF3B1	t(8;21)	117	1	1	0	<-3	1.000	1.000	Mutual exclusivity
BIRC3	t(8;21)	117	1	1	0	<-3	1.000	1.000	Mutual exclusivity
MYD88	t(8;21)	117	1	1	0	<-3	1.000	1.000	Mutual exclusivity
SETBP1	t(8;21)	117	1	1	0	<-3	1.000	1.000	Mutual exclusivity
NOTCH1	t(8;21)	117	1	1	0	<-3	1.000	1.000	Mutual exclusivity
RAD21	t(8;21)	117	1	1	0	<-3	1.000	1.000	Mutual exclusivity
ABL1	t(8;21)	117	1	1	0	<-3	1.000	1.000	Mutual exclusivity
EZH2	t(8;21)	117	1	1	0	<-3	1.000	1.000	Mutual exclusivity
PHF6	t(8;21)	117	1	1	0	<-3	1.000	1.000	Mutual exclusivity
MAP2K1	t(8;21)	117	1	1	0	<-3	1.000	1.000	Mutual exclusivity
WT1	t(8;21)	117	1	1	0	<-3	1.000	1.000	Mutual exclusivity
BRINP3	t(8;21)	117	1	1	0	<-3	1.000	1.000	Mutual exclusivity
PRPF40B	t(8;21)	117	1	1	0	<-3	1.000	1.000	Mutual exclusivity
MPL	t(8;21)	117	1	1	0	<-3	1.000	1.000	Mutual exclusivity
SMC1A	t(8;21)	117	1	1	0	<-3	1.000	1.000	Mutual exclusivity
KRAS	t(8;21)	117	1	1	0	<-3	1.000	1.000	Mutual exclusivity
FBXW7	t(8;21)	117	1	1	0	<-3	1.000	1.000	Mutual exclusivity
IL7R	t(8;21)	117	1	1	0	<-3	1.000	1.000	Mutual exclusivity
SF1	t(8;21)	117	1	1	0	<-3	1.000	1.000	Mutual exclusivity
chr17loss	t(8;21)	117	1	1	0	<-3	1.000	1.000	Mutual exclusivity
inv(16)	t(8;21)	117	1	1	0	<-3	1.000	1.000	Mutual exclusivity
t(11;19)	t(8;21)	117	1	1	0	<-3	1.000	1.000	Mutual exclusivity
CDH2	chr5qdel	117	1	1	0	<-3	1.000	1.000	Mutual exclusivity
SF3B1	chr5qdel	117	1	1	0	<-3	1.000	1.000	Mutual exclusivity
BIRC3	chr5qdel	117	1	1	0	<-3	1.000	1.000	Mutual exclusivity
MYD88	chr5qdel	117	1	1	0	<-3	1.000	1.000	Mutual exclusivity
SETBP1	chr5qdel	117	1	1	0	<-3	1.000	1.000	Mutual exclusivity
NOTCH1	chr5qdel	117	1	1	0	<-3	1.000	1.000	Mutual exclusivity
RAD21	chr5qdel	117	1	1	0	<-3	1.000	1.000	Mutual exclusivity
ABL1	chr5qdel	117	1	1	0	<-3	1.000	1.000	Mutual exclusivity
EZH2	chr5qdel	117	1	1	0	<-3	1.000	1.000	Mutual exclusivity
PHF6	chr5qdel	117	1	1	0	<-3	1.000	1.000	Mutual exclusivity
MAP2K1	chr5qdel	117	1	1	0	<-3	1.000	1.000	Mutual exclusivity
WT1	chr5qdel	117	1	1	0	<-3	1.000	1.000	Mutual exclusivity
BRINP3	chr5qdel	117	1	1	0	<-3	1.000	1.000	Mutual exclusivity
PRPF40B	chr5qdel	117	1	1	0	<-3	1.000	1.000	Mutual exclusivity
MPL	chr5qdel	117	1	1	0	<-3	1.000	1.000	Mutual exclusivity
SMC1A	chr5qdel	117	1	1	0	<-3	1.000	1.000	Mutual exclusivity
KRAS	chr5qdel	117	1	1	0	<-3	1.000	1.000	Mutual exclusivity
FBXW7	chr5qdel	117	1	1	0	<-3	1.000	1.000	Mutual exclusivity
IL7R	chr5qdel	117	1	1	0	<-3	1.000	1.000	Mutual exclusivity
SF1	chr5qdel	117	1	1	0	<-3	1.000	1.000	Mutual exclusivity
chr17loss	chr5qdel	117	1	1	0	<-3	1.000	1.000	Mutual exclusivity
inv(16)	chr5qdel	117	1	1	0	<-3	1.000	1.000	Mutual exclusivity
t(11;19)	chr5qdel	117	1	1	0	<-3	1.000	1.000	Mutual exclusivity
t(8;21)	chr5qdel	117	1	1	0	<-3	1.000	1.000	Mutual exclusivity
ATM	TP53	110	4	5	0	<-3	1.000	1.000	Mutual exclusivity
RUNX1	TP53	110	4	5	0	<-3	1.000	1.000	Mutual exclusivity
IDH1	TP53	112	2	5	0	<-3	1.000	1.000	Mutual exclusivity
JAK2	TP53	112	2	5	0	<-3	1.000	1.000	Mutual exclusivity
CBL	TP53	112	2	5	0	<-3	1.000	1.000	Mutual exclusivity
MYCN	TP53	112	2	5	0	<-3	1.000	1.000	Mutual exclusivity
NPM1	TP53	112	2	5	0	<-3	1.000	1.000	Mutual exclusivity
ZRSR2	TP53	112	2	5	0	<-3	1.000	1.000	Mutual exclusivity
SRSF2	FLT3	101	9	9	0	<-3	1.000	1.000	Mutual exclusivity
ASXL1	BCOR	101	15	3	0	<-3	1.000	1.000	Mutual exclusivity
ASXL1	CSF1R	101	15	3	0	<-3	1.000	1.000	Mutual exclusivity
DNMT3A	CBL	87	30	2	0	<-3	1.000	1.000	Mutual exclusivity
DNMT3A	MYCN	87	30	2	0	<-3	1.000	1.000	Mutual exclusivity
DNMT3A	NPM1	87	30	2	0	<-3	1.000	1.000	Mutual exclusivity
DNMT3A	ZRSR2	87	30	2	0	<-3	1.000	1.000	Mutual exclusivity
DNMT3A	chr8gain	87	30	2	0	<-3	1.000	1.000	Mutual exclusivity
ASXL1	MYCN	102	15	2	0	<-3	1.000	1.000	Mutual exclusivity
ASXL1	NPM1	102	15	2	0	<-3	1.000	1.000	Mutual exclusivity
ASXL1	MYC	102	15	2	0	<-3	1.000	1.000	Mutual exclusivity
ASXL1	NRAS	102	15	2	0	<-3	1.000	1.000	Mutual exclusivity
ASXL1	CDKN2A	102	15	2	0	<-3	1.000	1.000	Mutual exclusivity
ASXL1	U2AF1	102	15	2	0	<-3	1.000	1.000	Mutual exclusivity
ASXL1	NF1	102	15	2	0	<-3	1.000	1.000	Mutual exclusivity
CDH2	IDH1	116	1	2	0	<-3	1.000	1.000	Mutual exclusivity
CDH2	JAK2	116	1	2	0	<-3	1.000	1.000	Mutual exclusivity
CDH2	CBL	116	1	2	0	<-3	1.000	1.000	Mutual exclusivity
CDH2	MYCN	116	1	2	0	<-3	1.000	1.000	Mutual exclusivity
CDH2	NPM1	116	1	2	0	<-3	1.000	1.000	Mutual exclusivity
JAK2	SF3B1	116	2	1	0	<-3	1.000	1.000	Mutual exclusivity
MYCN	SF3B1	116	2	1	0	<-3	1.000	1.000	Mutual exclusivity
IDH1	BIRC3	116	2	1	0	<-3	1.000	1.000	Mutual exclusivity
JAK2	BIRC3	116	2	1	0	<-3	1.000	1.000	Mutual exclusivity
CBL	BIRC3	116	2	1	0	<-3	1.000	1.000	Mutual exclusivity
MYCN	BIRC3	116	2	1	0	<-3	1.000	1.000	Mutual exclusivity
NPM1	BIRC3	116	2	1	0	<-3	1.000	1.000	Mutual exclusivity
IDH1	MYD88	116	2	1	0	<-3	1.000	1.000	Mutual exclusivity
JAK2	MYD88	116	2	1	0	<-3	1.000	1.000	Mutual exclusivity
CBL	MYD88	116	2	1	0	<-3	1.000	1.000	Mutual exclusivity
MYCN	MYD88	116	2	1	0	<-3	1.000	1.000	Mutual exclusivity
NPM1	MYD88	116	2	1	0	<-3	1.000	1.000	Mutual exclusivity
IDH1	SETBP1	116	2	1	0	<-3	1.000	1.000	Mutual exclusivity
JAK2	SETBP1	116	2	1	0	<-3	1.000	1.000	Mutual exclusivity
CBL	SETBP1	116	2	1	0	<-3	1.000	1.000	Mutual exclusivity
MYCN	SETBP1	116	2	1	0	<-3	1.000	1.000	Mutual exclusivity
NPM1	SETBP1	116	2	1	0	<-3	1.000	1.000	Mutual exclusivity
IDH1	NOTCH1	116	2	1	0	<-3	1.000	1.000	Mutual exclusivity
JAK2	NOTCH1	116	2	1	0	<-3	1.000	1.000	Mutual exclusivity
CBL	NOTCH1	116	2	1	0	<-3	1.000	1.000	Mutual exclusivity
MYCN	NOTCH1	116	2	1	0	<-3	1.000	1.000	Mutual exclusivity
NPM1	NOTCH1	116	2	1	0	<-3	1.000	1.000	Mutual exclusivity
CDH2	ZRSR2	116	1	2	0	<-3	1.000	1.000	Mutual exclusivity
SF3B1	ZRSR2	116	1	2	0	<-3	1.000	1.000	Mutual exclusivity
BIRC3	ZRSR2	116	1	2	0	<-3	1.000	1.000	Mutual exclusivity
MYD88	ZRSR2	116	1	2	0	<-3	1.000	1.000	Mutual exclusivity
SETBP1	ZRSR2	116	1	2	0	<-3	1.000	1.000	Mutual exclusivity
IDH1	RAD21	116	2	1	0	<-3	1.000	1.000	Mutual exclusivity
JAK2	RAD21	116	2	1	0	<-3	1.000	1.000	Mutual exclusivity
CBL	RAD21	116	2	1	0	<-3	1.000	1.000	Mutual exclusivity
MYCN	RAD21	116	2	1	0	<-3	1.000	1.000	Mutual exclusivity
NPM1	RAD21	116	2	1	0	<-3	1.000	1.000	Mutual exclusivity
ZRSR2	RAD21	116	2	1	0	<-3	1.000	1.000	Mutual exclusivity
IDH1	ABL1	116	2	1	0	<-3	1.000	1.000	Mutual exclusivity
JAK2	ABL1	116	2	1	0	<-3	1.000	1.000	Mutual exclusivity
CBL	ABL1	116	2	1	0	<-3	1.000	1.000	Mutual exclusivity
MYCN	ABL1	116	2	1	0	<-3	1.000	1.000	Mutual exclusivity
NPM1	ABL1	116	2	1	0	<-3	1.000	1.000	Mutual exclusivity
ZRSR2	ABL1	116	2	1	0	<-3	1.000	1.000	Mutual exclusivity
CDH2	MYC	116	1	2	0	<-3	1.000	1.000	Mutual exclusivity
SF3B1	MYC	116	1	2	0	<-3	1.000	1.000	Mutual exclusivity
BIRC3	MYC	116	1	2	0	<-3	1.000	1.000	Mutual exclusivity
MYD88	MYC	116	1	2	0	<-3	1.000	1.000	Mutual exclusivity
SETBP1	MYC	116	1	2	0	<-3	1.000	1.000	Mutual exclusivity
NOTCH1	MYC	116	1	2	0	<-3	1.000	1.000	Mutual exclusivity
RAD21	MYC	116	1	2	0	<-3	1.000	1.000	Mutual exclusivity
ABL1	MYC	116	1	2	0	<-3	1.000	1.000	Mutual exclusivity
IDH1	EZH2	116	2	1	0	<-3	1.000	1.000	Mutual exclusivity
JAK2	EZH2	116	2	1	0	<-3	1.000	1.000	Mutual exclusivity
CBL	EZH2	116	2	1	0	<-3	1.000	1.000	Mutual exclusivity
MYCN	EZH2	116	2	1	0	<-3	1.000	1.000	Mutual exclusivity
NPM1	EZH2	116	2	1	0	<-3	1.000	1.000	Mutual exclusivity
ZRSR2	EZH2	116	2	1	0	<-3	1.000	1.000	Mutual exclusivity
MYC	EZH2	116	2	1	0	<-3	1.000	1.000	Mutual exclusivity
IDH1	PHF6	116	2	1	0	<-3	1.000	1.000	Mutual exclusivity
JAK2	PHF6	116	2	1	0	<-3	1.000	1.000	Mutual exclusivity
CBL	PHF6	116	2	1	0	<-3	1.000	1.000	Mutual exclusivity
MYCN	PHF6	116	2	1	0	<-3	1.000	1.000	Mutual exclusivity
NPM1	PHF6	116	2	1	0	<-3	1.000	1.000	Mutual exclusivity
ZRSR2	PHF6	116	2	1	0	<-3	1.000	1.000	Mutual exclusivity
MYC	PHF6	116	2	1	0	<-3	1.000	1.000	Mutual exclusivity
CDH2	NRAS	116	1	2	0	<-3	1.000	1.000	Mutual exclusivity
SF3B1	NRAS	116	1	2	0	<-3	1.000	1.000	Mutual exclusivity
BIRC3	NRAS	116	1	2	0	<-3	1.000	1.000	Mutual exclusivity
MYD88	NRAS	116	1	2	0	<-3	1.000	1.000	Mutual exclusivity
SETBP1	NRAS	116	1	2	0	<-3	1.000	1.000	Mutual exclusivity
NOTCH1	NRAS	116	1	2	0	<-3	1.000	1.000	Mutual exclusivity
RAD21	NRAS	116	1	2	0	<-3	1.000	1.000	Mutual exclusivity
ABL1	NRAS	116	1	2	0	<-3	1.000	1.000	Mutual exclusivity
EZH2	NRAS	116	1	2	0	<-3	1.000	1.000	Mutual exclusivity
PHF6	NRAS	116	1	2	0	<-3	1.000	1.000	Mutual exclusivity
IDH1	MAP2K1	116	2	1	0	<-3	1.000	1.000	Mutual exclusivity
JAK2	MAP2K1	116	2	1	0	<-3	1.000	1.000	Mutual exclusivity
CBL	MAP2K1	116	2	1	0	<-3	1.000	1.000	Mutual exclusivity
MYCN	MAP2K1	116	2	1	0	<-3	1.000	1.000	Mutual exclusivity
NPM1	MAP2K1	116	2	1	0	<-3	1.000	1.000	Mutual exclusivity
ZRSR2	MAP2K1	116	2	1	0	<-3	1.000	1.000	Mutual exclusivity
MYC	MAP2K1	116	2	1	0	<-3	1.000	1.000	Mutual exclusivity
NRAS	MAP2K1	116	2	1	0	<-3	1.000	1.000	Mutual exclusivity
IDH1	WT1	116	2	1	0	<-3	1.000	1.000	Mutual exclusivity
JAK2	WT1	116	2	1	0	<-3	1.000	1.000	Mutual exclusivity
CBL	WT1	116	2	1	0	<-3	1.000	1.000	Mutual exclusivity
MYCN	WT1	116	2	1	0	<-3	1.000	1.000	Mutual exclusivity
NPM1	WT1	116	2	1	0	<-3	1.000	1.000	Mutual exclusivity
ZRSR2	WT1	116	2	1	0	<-3	1.000	1.000	Mutual exclusivity
MYC	WT1	116	2	1	0	<-3	1.000	1.000	Mutual exclusivity
NRAS	WT1	116	2	1	0	<-3	1.000	1.000	Mutual exclusivity
IDH1	BRINP3	116	2	1	0	<-3	1.000	1.000	Mutual exclusivity
JAK2	BRINP3	116	2	1	0	<-3	1.000	1.000	Mutual exclusivity
CBL	BRINP3	116	2	1	0	<-3	1.000	1.000	Mutual exclusivity
MYCN	BRINP3	116	2	1	0	<-3	1.000	1.000	Mutual exclusivity
NPM1	BRINP3	116	2	1	0	<-3	1.000	1.000	Mutual exclusivity
ZRSR2	BRINP3	116	2	1	0	<-3	1.000	1.000	Mutual exclusivity
MYC	BRINP3	116	2	1	0	<-3	1.000	1.000	Mutual exclusivity
NRAS	BRINP3	116	2	1	0	<-3	1.000	1.000	Mutual exclusivity
CDH2	CDKN2A	116	1	2	0	<-3	1.000	1.000	Mutual exclusivity
SF3B1	CDKN2A	116	1	2	0	<-3	1.000	1.000	Mutual exclusivity
BIRC3	CDKN2A	116	1	2	0	<-3	1.000	1.000	Mutual exclusivity
MYD88	CDKN2A	116	1	2	0	<-3	1.000	1.000	Mutual exclusivity
SETBP1	CDKN2A	116	1	2	0	<-3	1.000	1.000	Mutual exclusivity
NOTCH1	CDKN2A	116	1	2	0	<-3	1.000	1.000	Mutual exclusivity
RAD21	CDKN2A	116	1	2	0	<-3	1.000	1.000	Mutual exclusivity
ABL1	CDKN2A	116	1	2	0	<-3	1.000	1.000	Mutual exclusivity
EZH2	CDKN2A	116	1	2	0	<-3	1.000	1.000	Mutual exclusivity
PHF6	CDKN2A	116	1	2	0	<-3	1.000	1.000	Mutual exclusivity
MAP2K1	CDKN2A	116	1	2	0	<-3	1.000	1.000	Mutual exclusivity
WT1	CDKN2A	116	1	2	0	<-3	1.000	1.000	Mutual exclusivity
BRINP3	CDKN2A	116	1	2	0	<-3	1.000	1.000	Mutual exclusivity
IDH1	PRPF40B	116	2	1	0	<-3	1.000	1.000	Mutual exclusivity
JAK2	PRPF40B	116	2	1	0	<-3	1.000	1.000	Mutual exclusivity
CBL	PRPF40B	116	2	1	0	<-3	1.000	1.000	Mutual exclusivity
MYCN	PRPF40B	116	2	1	0	<-3	1.000	1.000	Mutual exclusivity
NPM1	PRPF40B	116	2	1	0	<-3	1.000	1.000	Mutual exclusivity
ZRSR2	PRPF40B	116	2	1	0	<-3	1.000	1.000	Mutual exclusivity
MYC	PRPF40B	116	2	1	0	<-3	1.000	1.000	Mutual exclusivity
NRAS	PRPF40B	116	2	1	0	<-3	1.000	1.000	Mutual exclusivity
IDH1	MPL	116	2	1	0	<-3	1.000	1.000	Mutual exclusivity
JAK2	MPL	116	2	1	0	<-3	1.000	1.000	Mutual exclusivity
CBL	MPL	116	2	1	0	<-3	1.000	1.000	Mutual exclusivity
MYCN	MPL	116	2	1	0	<-3	1.000	1.000	Mutual exclusivity
NPM1	MPL	116	2	1	0	<-3	1.000	1.000	Mutual exclusivity
ZRSR2	MPL	116	2	1	0	<-3	1.000	1.000	Mutual exclusivity
MYC	MPL	116	2	1	0	<-3	1.000	1.000	Mutual exclusivity
NRAS	MPL	116	2	1	0	<-3	1.000	1.000	Mutual exclusivity
CDKN2A	MPL	116	2	1	0	<-3	1.000	1.000	Mutual exclusivity
IDH1	SMC1A	116	2	1	0	<-3	1.000	1.000	Mutual exclusivity
JAK2	SMC1A	116	2	1	0	<-3	1.000	1.000	Mutual exclusivity
CBL	SMC1A	116	2	1	0	<-3	1.000	1.000	Mutual exclusivity
MYCN	SMC1A	116	2	1	0	<-3	1.000	1.000	Mutual exclusivity
NPM1	SMC1A	116	2	1	0	<-3	1.000	1.000	Mutual exclusivity
ZRSR2	SMC1A	116	2	1	0	<-3	1.000	1.000	Mutual exclusivity
MYC	SMC1A	116	2	1	0	<-3	1.000	1.000	Mutual exclusivity
NRAS	SMC1A	116	2	1	0	<-3	1.000	1.000	Mutual exclusivity
CDKN2A	SMC1A	116	2	1	0	<-3	1.000	1.000	Mutual exclusivity
CDH2	U2AF1	116	1	2	0	<-3	1.000	1.000	Mutual exclusivity
SF3B1	U2AF1	116	1	2	0	<-3	1.000	1.000	Mutual exclusivity
BIRC3	U2AF1	116	1	2	0	<-3	1.000	1.000	Mutual exclusivity
MYD88	U2AF1	116	1	2	0	<-3	1.000	1.000	Mutual exclusivity
SETBP1	U2AF1	116	1	2	0	<-3	1.000	1.000	Mutual exclusivity
NOTCH1	U2AF1	116	1	2	0	<-3	1.000	1.000	Mutual exclusivity
RAD21	U2AF1	116	1	2	0	<-3	1.000	1.000	Mutual exclusivity
ABL1	U2AF1	116	1	2	0	<-3	1.000	1.000	Mutual exclusivity
EZH2	U2AF1	116	1	2	0	<-3	1.000	1.000	Mutual exclusivity
PHF6	U2AF1	116	1	2	0	<-3	1.000	1.000	Mutual exclusivity
MAP2K1	U2AF1	116	1	2	0	<-3	1.000	1.000	Mutual exclusivity
WT1	U2AF1	116	1	2	0	<-3	1.000	1.000	Mutual exclusivity
BRINP3	U2AF1	116	1	2	0	<-3	1.000	1.000	Mutual exclusivity
PRPF40B	U2AF1	116	1	2	0	<-3	1.000	1.000	Mutual exclusivity
MPL	U2AF1	116	1	2	0	<-3	1.000	1.000	Mutual exclusivity
SMC1A	U2AF1	116	1	2	0	<-3	1.000	1.000	Mutual exclusivity
IDH1	KRAS	116	2	1	0	<-3	1.000	1.000	Mutual exclusivity
JAK2	KRAS	116	2	1	0	<-3	1.000	1.000	Mutual exclusivity
CBL	KRAS	116	2	1	0	<-3	1.000	1.000	Mutual exclusivity
MYCN	KRAS	116	2	1	0	<-3	1.000	1.000	Mutual exclusivity
NPM1	KRAS	116	2	1	0	<-3	1.000	1.000	Mutual exclusivity
ZRSR2	KRAS	116	2	1	0	<-3	1.000	1.000	Mutual exclusivity
MYC	KRAS	116	2	1	0	<-3	1.000	1.000	Mutual exclusivity
NRAS	KRAS	116	2	1	0	<-3	1.000	1.000	Mutual exclusivity
CDKN2A	KRAS	116	2	1	0	<-3	1.000	1.000	Mutual exclusivity
U2AF1	KRAS	116	2	1	0	<-3	1.000	1.000	Mutual exclusivity
IDH1	FBXW7	116	2	1	0	<-3	1.000	1.000	Mutual exclusivity
JAK2	FBXW7	116	2	1	0	<-3	1.000	1.000	Mutual exclusivity
CBL	FBXW7	116	2	1	0	<-3	1.000	1.000	Mutual exclusivity
MYCN	FBXW7	116	2	1	0	<-3	1.000	1.000	Mutual exclusivity
NPM1	FBXW7	116	2	1	0	<-3	1.000	1.000	Mutual exclusivity
ZRSR2	FBXW7	116	2	1	0	<-3	1.000	1.000	Mutual exclusivity
MYC	FBXW7	116	2	1	0	<-3	1.000	1.000	Mutual exclusivity
NRAS	FBXW7	116	2	1	0	<-3	1.000	1.000	Mutual exclusivity
CDKN2A	FBXW7	116	2	1	0	<-3	1.000	1.000	Mutual exclusivity
U2AF1	FBXW7	116	2	1	0	<-3	1.000	1.000	Mutual exclusivity
IDH1	IL7R	116	2	1	0	<-3	1.000	1.000	Mutual exclusivity
JAK2	IL7R	116	2	1	0	<-3	1.000	1.000	Mutual exclusivity
CBL	IL7R	116	2	1	0	<-3	1.000	1.000	Mutual exclusivity
MYCN	IL7R	116	2	1	0	<-3	1.000	1.000	Mutual exclusivity
NPM1	IL7R	116	2	1	0	<-3	1.000	1.000	Mutual exclusivity
ZRSR2	IL7R	116	2	1	0	<-3	1.000	1.000	Mutual exclusivity
MYC	IL7R	116	2	1	0	<-3	1.000	1.000	Mutual exclusivity
NRAS	IL7R	116	2	1	0	<-3	1.000	1.000	Mutual exclusivity
CDKN2A	IL7R	116	2	1	0	<-3	1.000	1.000	Mutual exclusivity
U2AF1	IL7R	116	2	1	0	<-3	1.000	1.000	Mutual exclusivity
CDH2	NF1	116	1	2	0	<-3	1.000	1.000	Mutual exclusivity
SF3B1	NF1	116	1	2	0	<-3	1.000	1.000	Mutual exclusivity
BIRC3	NF1	116	1	2	0	<-3	1.000	1.000	Mutual exclusivity
MYD88	NF1	116	1	2	0	<-3	1.000	1.000	Mutual exclusivity
SETBP1	NF1	116	1	2	0	<-3	1.000	1.000	Mutual exclusivity
NOTCH1	NF1	116	1	2	0	<-3	1.000	1.000	Mutual exclusivity
RAD21	NF1	116	1	2	0	<-3	1.000	1.000	Mutual exclusivity
ABL1	NF1	116	1	2	0	<-3	1.000	1.000	Mutual exclusivity
EZH2	NF1	116	1	2	0	<-3	1.000	1.000	Mutual exclusivity
PHF6	NF1	116	1	2	0	<-3	1.000	1.000	Mutual exclusivity
MAP2K1	NF1	116	1	2	0	<-3	1.000	1.000	Mutual exclusivity
WT1	NF1	116	1	2	0	<-3	1.000	1.000	Mutual exclusivity
BRINP3	NF1	116	1	2	0	<-3	1.000	1.000	Mutual exclusivity
PRPF40B	NF1	116	1	2	0	<-3	1.000	1.000	Mutual exclusivity
MPL	NF1	116	1	2	0	<-3	1.000	1.000	Mutual exclusivity
SMC1A	NF1	116	1	2	0	<-3	1.000	1.000	Mutual exclusivity
KRAS	NF1	116	1	2	0	<-3	1.000	1.000	Mutual exclusivity
FBXW7	NF1	116	1	2	0	<-3	1.000	1.000	Mutual exclusivity
IL7R	NF1	116	1	2	0	<-3	1.000	1.000	Mutual exclusivity
IDH1	SF1	116	2	1	0	<-3	1.000	1.000	Mutual exclusivity
JAK2	SF1	116	2	1	0	<-3	1.000	1.000	Mutual exclusivity
CBL	SF1	116	2	1	0	<-3	1.000	1.000	Mutual exclusivity
MYCN	SF1	116	2	1	0	<-3	1.000	1.000	Mutual exclusivity
NPM1	SF1	116	2	1	0	<-3	1.000	1.000	Mutual exclusivity
ZRSR2	SF1	116	2	1	0	<-3	1.000	1.000	Mutual exclusivity
MYC	SF1	116	2	1	0	<-3	1.000	1.000	Mutual exclusivity
NRAS	SF1	116	2	1	0	<-3	1.000	1.000	Mutual exclusivity
CDKN2A	SF1	116	2	1	0	<-3	1.000	1.000	Mutual exclusivity
U2AF1	SF1	116	2	1	0	<-3	1.000	1.000	Mutual exclusivity
NF1	SF1	116	2	1	0	<-3	1.000	1.000	Mutual exclusivity
CDH2	chr8gain	116	1	2	0	<-3	1.000	1.000	Mutual exclusivity
SF3B1	chr8gain	116	1	2	0	<-3	1.000	1.000	Mutual exclusivity
BIRC3	chr8gain	116	1	2	0	<-3	1.000	1.000	Mutual exclusivity
MYD88	chr8gain	116	1	2	0	<-3	1.000	1.000	Mutual exclusivity
SETBP1	chr8gain	116	1	2	0	<-3	1.000	1.000	Mutual exclusivity
NOTCH1	chr8gain	116	1	2	0	<-3	1.000	1.000	Mutual exclusivity
RAD21	chr8gain	116	1	2	0	<-3	1.000	1.000	Mutual exclusivity
ABL1	chr8gain	116	1	2	0	<-3	1.000	1.000	Mutual exclusivity
EZH2	chr8gain	116	1	2	0	<-3	1.000	1.000	Mutual exclusivity
PHF6	chr8gain	116	1	2	0	<-3	1.000	1.000	Mutual exclusivity
MAP2K1	chr8gain	116	1	2	0	<-3	1.000	1.000	Mutual exclusivity
WT1	chr8gain	116	1	2	0	<-3	1.000	1.000	Mutual exclusivity
BRINP3	chr8gain	116	1	2	0	<-3	1.000	1.000	Mutual exclusivity
PRPF40B	chr8gain	116	1	2	0	<-3	1.000	1.000	Mutual exclusivity
MPL	chr8gain	116	1	2	0	<-3	1.000	1.000	Mutual exclusivity
SMC1A	chr8gain	116	1	2	0	<-3	1.000	1.000	Mutual exclusivity
KRAS	chr8gain	116	1	2	0	<-3	1.000	1.000	Mutual exclusivity
FBXW7	chr8gain	116	1	2	0	<-3	1.000	1.000	Mutual exclusivity
IL7R	chr8gain	116	1	2	0	<-3	1.000	1.000	Mutual exclusivity
SF1	chr8gain	116	1	2	0	<-3	1.000	1.000	Mutual exclusivity
IDH1	chr17loss	116	2	1	0	<-3	1.000	1.000	Mutual exclusivity
JAK2	chr17loss	116	2	1	0	<-3	1.000	1.000	Mutual exclusivity
CBL	chr17loss	116	2	1	0	<-3	1.000	1.000	Mutual exclusivity
MYCN	chr17loss	116	2	1	0	<-3	1.000	1.000	Mutual exclusivity
NPM1	chr17loss	116	2	1	0	<-3	1.000	1.000	Mutual exclusivity
ZRSR2	chr17loss	116	2	1	0	<-3	1.000	1.000	Mutual exclusivity
MYC	chr17loss	116	2	1	0	<-3	1.000	1.000	Mutual exclusivity
NRAS	chr17loss	116	2	1	0	<-3	1.000	1.000	Mutual exclusivity
CDKN2A	chr17loss	116	2	1	0	<-3	1.000	1.000	Mutual exclusivity
U2AF1	chr17loss	116	2	1	0	<-3	1.000	1.000	Mutual exclusivity
NF1	chr17loss	116	2	1	0	<-3	1.000	1.000	Mutual exclusivity
chr8gain	chr17loss	116	2	1	0	<-3	1.000	1.000	Mutual exclusivity
IDH1	inv(16)	116	2	1	0	<-3	1.000	1.000	Mutual exclusivity
JAK2	inv(16)	116	2	1	0	<-3	1.000	1.000	Mutual exclusivity
CBL	inv(16)	116	2	1	0	<-3	1.000	1.000	Mutual exclusivity
MYCN	inv(16)	116	2	1	0	<-3	1.000	1.000	Mutual exclusivity
NPM1	inv(16)	116	2	1	0	<-3	1.000	1.000	Mutual exclusivity
ZRSR2	inv(16)	116	2	1	0	<-3	1.000	1.000	Mutual exclusivity
MYC	inv(16)	116	2	1	0	<-3	1.000	1.000	Mutual exclusivity
NRAS	inv(16)	116	2	1	0	<-3	1.000	1.000	Mutual exclusivity
CDKN2A	inv(16)	116	2	1	0	<-3	1.000	1.000	Mutual exclusivity
U2AF1	inv(16)	116	2	1	0	<-3	1.000	1.000	Mutual exclusivity
NF1	inv(16)	116	2	1	0	<-3	1.000	1.000	Mutual exclusivity
chr8gain	inv(16)	116	2	1	0	<-3	1.000	1.000	Mutual exclusivity
IDH1	t(11;19)	116	2	1	0	<-3	1.000	1.000	Mutual exclusivity
JAK2	t(11;19)	116	2	1	0	<-3	1.000	1.000	Mutual exclusivity
CBL	t(11;19)	116	2	1	0	<-3	1.000	1.000	Mutual exclusivity
MYCN	t(11;19)	116	2	1	0	<-3	1.000	1.000	Mutual exclusivity
NPM1	t(11;19)	116	2	1	0	<-3	1.000	1.000	Mutual exclusivity
ZRSR2	t(11;19)	116	2	1	0	<-3	1.000	1.000	Mutual exclusivity
MYC	t(11;19)	116	2	1	0	<-3	1.000	1.000	Mutual exclusivity
NRAS	t(11;19)	116	2	1	0	<-3	1.000	1.000	Mutual exclusivity
CDKN2A	t(11;19)	116	2	1	0	<-3	1.000	1.000	Mutual exclusivity
U2AF1	t(11;19)	116	2	1	0	<-3	1.000	1.000	Mutual exclusivity
NF1	t(11;19)	116	2	1	0	<-3	1.000	1.000	Mutual exclusivity
chr8gain	t(11;19)	116	2	1	0	<-3	1.000	1.000	Mutual exclusivity
IDH1	t(8;21)	116	2	1	0	<-3	1.000	1.000	Mutual exclusivity
JAK2	t(8;21)	116	2	1	0	<-3	1.000	1.000	Mutual exclusivity
CBL	t(8;21)	116	2	1	0	<-3	1.000	1.000	Mutual exclusivity
MYCN	t(8;21)	116	2	1	0	<-3	1.000	1.000	Mutual exclusivity
NPM1	t(8;21)	116	2	1	0	<-3	1.000	1.000	Mutual exclusivity
ZRSR2	t(8;21)	116	2	1	0	<-3	1.000	1.000	Mutual exclusivity
MYC	t(8;21)	116	2	1	0	<-3	1.000	1.000	Mutual exclusivity
NRAS	t(8;21)	116	2	1	0	<-3	1.000	1.000	Mutual exclusivity
CDKN2A	t(8;21)	116	2	1	0	<-3	1.000	1.000	Mutual exclusivity
U2AF1	t(8;21)	116	2	1	0	<-3	1.000	1.000	Mutual exclusivity
NF1	t(8;21)	116	2	1	0	<-3	1.000	1.000	Mutual exclusivity
chr8gain	t(8;21)	116	2	1	0	<-3	1.000	1.000	Mutual exclusivity
IDH1	chr5qdel	116	2	1	0	<-3	1.000	1.000	Mutual exclusivity
JAK2	chr5qdel	116	2	1	0	<-3	1.000	1.000	Mutual exclusivity
CBL	chr5qdel	116	2	1	0	<-3	1.000	1.000	Mutual exclusivity
MYCN	chr5qdel	116	2	1	0	<-3	1.000	1.000	Mutual exclusivity
NPM1	chr5qdel	116	2	1	0	<-3	1.000	1.000	Mutual exclusivity
ZRSR2	chr5qdel	116	2	1	0	<-3	1.000	1.000	Mutual exclusivity
MYC	chr5qdel	116	2	1	0	<-3	1.000	1.000	Mutual exclusivity
NRAS	chr5qdel	116	2	1	0	<-3	1.000	1.000	Mutual exclusivity
CDKN2A	chr5qdel	116	2	1	0	<-3	1.000	1.000	Mutual exclusivity
U2AF1	chr5qdel	116	2	1	0	<-3	1.000	1.000	Mutual exclusivity
NF1	chr5qdel	116	2	1	0	<-3	1.000	1.000	Mutual exclusivity
chr8gain	chr5qdel	116	2	1	0	<-3	1.000	1.000	Mutual exclusivity
SRSF2	SF3B1	109	9	1	0	<-3	1.000	1.000	Mutual exclusivity
SRSF2	SETBP1	109	9	1	0	<-3	1.000	1.000	Mutual exclusivity
SRSF2	NOTCH1	109	9	1	0	<-3	1.000	1.000	Mutual exclusivity
SRSF2	RAD21	109	9	1	0	<-3	1.000	1.000	Mutual exclusivity
FLT3	RAD21	109	9	1	0	<-3	1.000	1.000	Mutual exclusivity
SRSF2	ABL1	109	9	1	0	<-3	1.000	1.000	Mutual exclusivity
SRSF2	EZH2	109	9	1	0	<-3	1.000	1.000	Mutual exclusivity
FLT3	EZH2	109	9	1	0	<-3	1.000	1.000	Mutual exclusivity
SRSF2	PHF6	109	9	1	0	<-3	1.000	1.000	Mutual exclusivity
FLT3	PHF6	109	9	1	0	<-3	1.000	1.000	Mutual exclusivity
SRSF2	MAP2K1	109	9	1	0	<-3	1.000	1.000	Mutual exclusivity
SRSF2	WT1	109	9	1	0	<-3	1.000	1.000	Mutual exclusivity
SRSF2	BRINP3	109	9	1	0	<-3	1.000	1.000	Mutual exclusivity
FLT3	BRINP3	109	9	1	0	<-3	1.000	1.000	Mutual exclusivity
SRSF2	PRPF40B	109	9	1	0	<-3	1.000	1.000	Mutual exclusivity
FLT3	PRPF40B	109	9	1	0	<-3	1.000	1.000	Mutual exclusivity
FLT3	MPL	109	9	1	0	<-3	1.000	1.000	Mutual exclusivity
FLT3	SMC1A	109	9	1	0	<-3	1.000	1.000	Mutual exclusivity
SRSF2	KRAS	109	9	1	0	<-3	1.000	1.000	Mutual exclusivity
FLT3	KRAS	109	9	1	0	<-3	1.000	1.000	Mutual exclusivity
SRSF2	FBXW7	109	9	1	0	<-3	1.000	1.000	Mutual exclusivity
FLT3	FBXW7	109	9	1	0	<-3	1.000	1.000	Mutual exclusivity
SRSF2	IL7R	109	9	1	0	<-3	1.000	1.000	Mutual exclusivity
SRSF2	SF1	109	9	1	0	<-3	1.000	1.000	Mutual exclusivity
FLT3	SF1	109	9	1	0	<-3	1.000	1.000	Mutual exclusivity
SRSF2	chr17loss	109	9	1	0	<-3	1.000	1.000	Mutual exclusivity
FLT3	chr17loss	109	9	1	0	<-3	1.000	1.000	Mutual exclusivity
SRSF2	inv(16)	109	9	1	0	<-3	1.000	1.000	Mutual exclusivity
FLT3	inv(16)	109	9	1	0	<-3	1.000	1.000	Mutual exclusivity
SRSF2	t(11;19)	109	9	1	0	<-3	1.000	1.000	Mutual exclusivity
FLT3	t(11;19)	109	9	1	0	<-3	1.000	1.000	Mutual exclusivity
SRSF2	t(8;21)	109	9	1	0	<-3	1.000	1.000	Mutual exclusivity
FLT3	t(8;21)	109	9	1	0	<-3	1.000	1.000	Mutual exclusivity
SRSF2	chr5qdel	109	9	1	0	<-3	1.000	1.000	Mutual exclusivity
FLT3	chr5qdel	109	9	1	0	<-3	1.000	1.000	Mutual exclusivity
TET2	SRSF2	89	21	8	1	-0.917	1.000	1.000	Mutual exclusivity
STAG2	FLT3	107	3	9	0	<-3	1.000	1.000	Mutual exclusivity
BCOR	FLT3	107	3	9	0	<-3	1.000	1.000	Mutual exclusivity
ASXL1	TP53	99	15	5	0	<-3	1.000	1.000	Mutual exclusivity
IDH1	SRSF2	108	2	9	0	<-3	1.000	1.000	Mutual exclusivity
JAK2	SRSF2	108	2	9	0	<-3	1.000	1.000	Mutual exclusivity
CBL	SRSF2	108	2	9	0	<-3	1.000	1.000	Mutual exclusivity
MYCN	SRSF2	108	2	9	0	<-3	1.000	1.000	Mutual exclusivity
IDH1	FLT3	108	2	9	0	<-3	1.000	1.000	Mutual exclusivity
JAK2	FLT3	108	2	9	0	<-3	1.000	1.000	Mutual exclusivity
CBL	FLT3	108	2	9	0	<-3	1.000	1.000	Mutual exclusivity
NPM1	FLT3	108	2	9	0	<-3	1.000	1.000	Mutual exclusivity
CDH2	ASXL1	103	1	15	0	<-3	1.000	1.000	Mutual exclusivity
ASXL1	SF3B1	103	15	1	0	<-3	1.000	1.000	Mutual exclusivity
ASXL1	SETBP1	103	15	1	0	<-3	1.000	1.000	Mutual exclusivity
ASXL1	RAD21	103	15	1	0	<-3	1.000	1.000	Mutual exclusivity
ASXL1	ABL1	103	15	1	0	<-3	1.000	1.000	Mutual exclusivity
ASXL1	EZH2	103	15	1	0	<-3	1.000	1.000	Mutual exclusivity
ASXL1	PHF6	103	15	1	0	<-3	1.000	1.000	Mutual exclusivity
ASXL1	MAP2K1	103	15	1	0	<-3	1.000	1.000	Mutual exclusivity
ASXL1	WT1	103	15	1	0	<-3	1.000	1.000	Mutual exclusivity
ASXL1	BRINP3	103	15	1	0	<-3	1.000	1.000	Mutual exclusivity
ASXL1	PRPF40B	103	15	1	0	<-3	1.000	1.000	Mutual exclusivity
ASXL1	SMC1A	103	15	1	0	<-3	1.000	1.000	Mutual exclusivity
ASXL1	KRAS	103	15	1	0	<-3	1.000	1.000	Mutual exclusivity
ASXL1	FBXW7	103	15	1	0	<-3	1.000	1.000	Mutual exclusivity
ASXL1	IL7R	103	15	1	0	<-3	1.000	1.000	Mutual exclusivity
ASXL1	SF1	103	15	1	0	<-3	1.000	1.000	Mutual exclusivity
ASXL1	chr17loss	103	15	1	0	<-3	1.000	1.000	Mutual exclusivity
ASXL1	inv(16)	103	15	1	0	<-3	1.000	1.000	Mutual exclusivity
ASXL1	t(11;19)	103	15	1	0	<-3	1.000	1.000	Mutual exclusivity
ASXL1	t(8;21)	103	15	1	0	<-3	1.000	1.000	Mutual exclusivity
ASXL1	chr5qdel	103	15	1	0	<-3	1.000	1.000	Mutual exclusivity
TET2	IDH2	86	20	11	2	-0.355	1.000	1.000	Mutual exclusivity
DNMT3A	BCOR	87	29	2	1	0.585	1.000	1.000	Co-occurrence
DNMT3A	CSF1R	87	29	2	1	0.585	1.000	1.000	Co-occurrence
DNMT3A	TP53	85	29	4	1	-0.449	1.000	1.000	Mutual exclusivity
ASXL1	ATM	100	15	4	0	<-3	1.000	1.000	Mutual exclusivity
IDH2	CSF1R	103	13	3	0	<-3	1.000	1.000	Mutual exclusivity
IDH2	BCORL1	103	13	3	0	<-3	1.000	1.000	Mutual exclusivity
